CA;T0A;Eastern Alberta (St. Paul);Alberta;54.766;-111.7174
CA;T0B;Wainwright Region (Tofield);Alberta;53.0727;-111.5816
CA;T0C;Central Alberta (Stettler);Alberta;52.1431;-111.6941
CA;T0E;Western Alberta (Jasper);Alberta;53.6758;-115.0948
CA;T0G;North Central Alberta (Slave Lake);Alberta;55.6993;-114.4529
CA;T0H;Northwestern Alberta (High Level);Alberta;57.5403;-116.9153
CA;T0J;Southeastern Alberta (Drumheller);Alberta;50.9944;-111.4632
CA;T0K;International Border Region (Cardston);Alberta;49.4721;-112.2408
CA;T0L;Kananaskis Country (Claresholm);Alberta;50.6314;-114.4089
CA;T0M;Central Foothills (Sundre);Alberta;51.9552;-114.8691
CA;T0P;Northeastern Alberta (Fort Chipewyan);Alberta;58.2626;-110.7467
CA;T0V;Remote Northeast (Fitzgerald);Alberta;59.9049;-111.6717
CA;T1A;Medicine Hat Central;Alberta;50.0816;-110.5788
CA;T1B;Medicine Hat South;Alberta;49.835;-110.5203
CA;T1C;Medicine Hat North;Alberta;50.0774;-110.6911
CA;T1G;Taber;Alberta;49.787;-112.146
CA;T1H;Lethbridge North;Alberta;49.7;-112.8186
CA;T1J;Lethbridge West and Central;Alberta;49.6581;-112.7484
CA;T1K;Lethbridge Southeast;Alberta;49.6511;-112.8351
CA;T1L;Banff;Alberta;51.1762;-115.5698
CA;T1M;Coaldale;Alberta;49.7167;-112.6185
CA;T1P;Strathmore;Alberta;51.0501;-113.3852
CA;T1R;Brooks;Alberta;50.5834;-111.8851
CA;T1S;Okotoks;Alberta;50.7362;-113.9695
CA;T1V;High River;Alberta;50.5834;-113.8687
CA;T1W;Canmore;Alberta;51.0876;-115.3461
CA;T1X;Chestermere;Alberta;51.0334;-113.8187
CA;T1Y;Calgary (Rundle / Whitehorn / Monterey Park);Alberta;51.0823;-113.9578
CA;T1Z;Rocky View;Alberta;51.1834;-113.9353
CA;T2A;Calgary (Penbrooke Meadows / Marlborough);Alberta;51.0494;-113.9564
CA;T2B;Calgary (Forest Lawn / Dover / Erin Woods);Alberta;51.0209;-113.981
CA;T2C;Calgary (Lynnwood Ridge / Ogden / Foothills Industrial / Great Plains);Alberta;50.987;-113.9634
CA;T2E;Calgary (Bridgeland / Greenview / Zoo / YYC);Alberta;51.0876;-114.0214
CA;T2G;Calgary (Inglewood / Burnsland / Chinatown / East Victoria Park / Saddledome);Alberta;51.0272;-114.0349
CA;T2H;Calgary (Highfield / Burns Industrial);Alberta;50.9894;-114.052
CA;T2J;Calgary (Queensland Downs / Lake Bonavista / Willow Park / Acadia);Alberta;50.8476;-114.1958
CA;T2K;Calgary (Thornecliffe / Tuxedo);Alberta;51.1111;-114.0477
CA;T2L;Calgary (Brentwood / Collingwood / Nose Hill);Alberta;51.1047;-114.1148
CA;T2M;Calgary (Mount Pleasant / Capitol Hill / Banff Trail);Alberta;51.133;-113.856
CA;T2N;Calgary (Kensington / Westmont / Parkdale / University);Alberta;51.0621;-114.1159
CA;T2P;Calgary (City Centre / Calgary Tower);Alberta;51.0708;-113.6931
CA;T2R;Calgary (Connaught / West Victoria Park);Alberta;51.0412;-114.0762
CA;T2S;Calgary (Elbow Park / Britannia / Parkhill / Mission);Alberta;51.0233;-114.071
CA;T2T;Calgary South (Altadore / Bankview / Richmond);Alberta;51.0242;-114.1004
CA;T2V;Calgary (Oak Ridge / Haysboro / Kingsland / Windsor Park);Alberta;50.9819;-114.1004
CA;T2W;Calgary (Braeside / Woodbine);Alberta;50.9514;-114.3591
CA;T2X;Calgary (Midnapore / Sundance);Alberta;50.8837;-114.0326
CA;T2Y;Calgary (Millrise / Somerset / Bridlewood / Evergreen);Alberta;50.9093;-114.1028
CA;T2Z;Calgary (Douglas Glen / McKenzie Lake / Copperfield / East Shepard);Alberta;50.9278;-113.9682
CA;T3A;Calgary (Dalhousie / Edgemont / Hamptons / Hidden Valley);Alberta;51.1264;-114.1419
CA;T3B;Calgary (Montgomery / Bowness / Silver Springs / Greenwood);Alberta;51.0915;-114.2073
CA;T3C;Calgary (Rosscarrock / Wildwood / Shaganappi / Sunalta);Alberta;51.0497;-114.1394
CA;T3E;Calgary (Lakeview / Glendale / Killarney / Glamorgan);Alberta;50.9899;-114.1574
CA;T3G;Calgary (Hawkwood / Arbour Lake / Royal Oak / Rocky Ridge);Alberta;51.1387;-114.2015
CA;T3H;Calgary (Discovery Ridge / Signal Hill / Aspen Woods / Patterson / Cougar Ridge);Alberta;51.0419;-114.2
CA;T3J;Calgary (Martindale / Taradale / Falconridge / Saddle Ridge);Alberta;51.1188;-113.9471
CA;T3K;Calgary (Sandstone / Harvest Hills / Coventry Hills / Panorama Hills / Beddington);Alberta;51.1563;-114.0572
CA;T3L;Calgary (Tuscany / Scenic Acres);Alberta;51.1467;-114.3133
CA;T3M;Calgary (Cranston);Alberta;50.8796;-113.9555
CA;T3N;Calgary Northeast;Alberta;51.1626;-113.9537
CA;T3P;Calgary (Symons Valley);Alberta;51.2074;-114.1348
CA;T3R;Calgary Northwest;Alberta;51.2021;-114.2453
CA;T3S;Calgary;Alberta;50.9153;-113.8932
CA;T3Z;Redwood Meadows;Alberta;51.0691;-114.4727
CA;T4A;Airdrie East;Alberta;51.2799;-113.988
CA;T4B;Airdrie West;Alberta;51.3082;-114.0398
CA;T4C;Cochrane;Alberta;51.1834;-114.4687
CA;T4E;Red Deer County;Alberta;52.2765;-113.7063
CA;T4G;Innisfail;Alberta;52.0269;-113.9507
CA;T4H;Olds;Alberta;51.7834;-114.102
CA;T4J;Ponoka;Alberta;52.6768;-113.5815
CA;T4L;Lacombe;Alberta;52.4668;-113.7353
CA;T4M;Blackfalds;Alberta;52.3834;-113.7853
CA;T4N;Red Deer Central;Alberta;52.2316;-113.8358
CA;T4P;Red Deer North;Alberta;52.2954;-113.8073
CA;T4R;Red Deer South;Alberta;52.2424;-113.7784
CA;T4S;Sylvan Lake;Alberta;52.3168;-114.0853
CA;T4T;Rocky Mountain House;Alberta;52.3668;-114.9188
CA;T4V;Camrose;Alberta;53.0168;-112.8353
CA;T4X;Beaumont;Alberta;53.3501;-113.4187
CA;T5A;Edmonton (West Clareview / East Londonderry);Alberta;53.5931;-113.4077
CA;T5B;Edmonton (East North Central / West Beverly);Alberta;53.7353;-113.3369
CA;T5C;Edmonton (Central Londonderry);Alberta;53.5996;-113.4549
CA;T5E;Edmonton (West Londonderry / East Calder);Alberta;53.7454;-113.4465
CA;T5G;Edmonton (North Central / Queen Mary Park / YXD);Alberta;53.5705;-113.5051
CA;T5H;Edmonton (North and East Downtown Fringe);Alberta;53.5514;-113.4916
CA;T5J;Edmonton (North Downtown);Alberta;53.5428;-113.4974
CA;T5K;Edmonton (South Downtown / South Downtown Fringe);Alberta;53.5366;-113.5103
CA;T5L;Edmonton (North Westmount / West Calder / East Mistatim);Alberta;53.585;-113.5526
CA;T5M;Edmonton (South Westmount / Groat Estate / East Northwest Industrial);Alberta;53.563;-113.5662
CA;T5N;Edmonton (Glenora / SW Downtown Fringe);Alberta;53.5436;-113.5574
CA;T5P;Edmonton (North Jasper Place);Alberta;53.5463;-113.5957
CA;T5R;Edmonton (Central Jasper Place / Buena Vista);Alberta;53.5181;-113.5797
CA;T5S;Edmonton (West Northwest Industrial / Winterburn);Alberta;53.5634;-113.6697
CA;T5T;Edmonton West (West Jasper Place / West Edmonton Mall);Alberta;53.5185;-113.6579
CA;T5V;Edmonton (Central Mistatim);Alberta;53.5848;-113.6224
CA;T5W;Edmonton (Central Beverly);Alberta;53.5645;-113.4022
CA;T5X;Edmonton (East Castledowns);Alberta;53.6313;-113.5245
CA;T5Y;Edmonton (Landbank / Oliver / East Lake District);Alberta;53.6585;-113.3614
CA;T5Z;Edmonton (West Lake District);Alberta;53.6365;-113.4673
CA;T6A;Edmonton (North Capilano);Alberta;53.5482;-113.4318
CA;T6B;Edmonton (SE Capilano / West Southeast Industrial / East Bonnie Doon);Alberta;53.5128;-113.4194
CA;T6C;Edmonton (Central Bonnie Doon);Alberta;53.522;-113.459
CA;T6E;Edmonton (South Bonnie Doon / East University);Alberta;53.4914;-113.4802
CA;T6G;Edmonton (West University / Strathcona Place);Alberta;53.521;-113.5324
CA;T6H;Edmonton (Southgate / North Riverbend);Alberta;53.3753;-113.4585
CA;T6J;Edmonton (Kaskitayo);Alberta;53.4564;-113.521
CA;T6K;Edmonton (West Mill Woods);Alberta;53.4609;-113.4519
CA;T6L;Edmonton (East Mill Woods);Alberta;53.4593;-113.4145
CA;T6M;Edmonton Southwest;Alberta;53.4593;-113.6546
CA;T6N;Edmonton (South Industrial);Alberta;53.465;-113.4776
CA;T6P;Edmonton (East Southeast Industrial / South Clover Bar);Alberta;53.5078;-113.3723
CA;T6R;Edmonton (Riverbend);Alberta;53.4567;-113.5801
CA;T6S;Edmonton (North Clover Bar);Alberta;53.5806;-113.3374
CA;T6T;Edmonton (Meadows);Alberta;53.4617;-113.371
CA;T6V;Edmonton (West Castledowns);Alberta;53.6112;-113.5746
CA;T6W;Edmonton (Heritage Valley);Alberta;53.4179;-113.5785
CA;T6X;Edmonton (Ellerslie);Alberta;53.4154;-113.4178
CA;T7A;Drayton Valley;Alberta;53.2168;-114.9854
CA;T7E;Edson;Alberta;53.5834;-116.4356
CA;T7N;Barrhead;Alberta;54.1334;-114.4021
CA;T7P;Westlock;Alberta;54.1502;-113.8688
CA;T7S;Whitecourt;Alberta;54.1501;-115.6855
CA;T7V;Hinton;Alberta;53.4001;-117.5857
CA;T7X;Spruce Grove North;Alberta;53.5334;-113.9187
CA;T7Y;Spruce Grove South;Alberta;53.4184;-113.8097
CA;T7Z;Stony Plain;Alberta;53.5334;-114.0021
CA;T8A;Sherwood Park West;Alberta;53.528;-113.2512
CA;T8B;Sherwood Park Outer Southwest;Alberta;53.4397;-113.2952
CA;T8C;Sherwood Park Inner Southwest;Alberta;53.4391;-113.1903
CA;T8E;Sherwood Park Central;Alberta;53.5225;-113.1022
CA;T8G;Sherwood Park East;Alberta;53.5052;-112.9529
CA;T8H;Sherwood Park Northwest;Alberta;53.556;-113.2952
CA;T8L;Fort Saskatchewan;Alberta;53.7168;-113.2187
CA;T8N;St. Albert;Alberta;53.6334;-113.6353
CA;T8R;Morinville;Alberta;53.8001;-113.652
CA;T8S;Peace River;Alberta;56.2501;-117.286
CA;T8T;St. Albert;Alberta;53.6867;-113.7102
CA;T8V;Grande Prairie Central;Alberta;55.1808;-118.9103
CA;T8W;Grande Prairie South;Alberta;55.1303;-118.7946
CA;T8X;Grande Prairie East;Alberta;55.1834;-118.7457
CA;T9A;Wetaskiwin;Alberta;52.9668;-113.3687
CA;T9C;Vegreville;Alberta;53.5001;-112.0518
CA;T9E;Leduc;Alberta;53.2668;-113.552
CA;T9G;Devon;Alberta;53.3668;-113.7353
CA;T9H;Fort McMurray Outer Central;Alberta;56.664;-111.1357
CA;T9J;Fort McMurray Inner Central;Alberta;56.707;-111.3771
CA;T9K;Fort McMurray Northwest;Alberta;56.7538;-111.435
CA;T9M;Cold Lake;Alberta;54.4502;-110.2017
CA;T9N;Bonnyville;Alberta;54.2668;-110.7351
CA;T9S;Athabasca;Alberta;54.7169;-113.2854
CA;T9V;Lloydminster;Alberta;53.2717;-110.0853
CA;T9W;Wainwright;Alberta;52.839;-110.8572
CA;T9X;Vermilion;Alberta;53.3669;-110.8517
CA;V5K;Vancouver (North Hastings-Sunrise);British Columbia;49.2807;-123.0397
CA;V5L;Vancouver (North Grandview-Woodlands);British Columbia;49.2795;-123.0667
CA;V5M;Vancouver (South Hastings-Sunrise / North Renfrew-Collingwood);British Columbia;49.26;-123.0398
CA;V5N;Vancouver (South Grandview-Woodlands / NE Kensington);British Columbia;49.2551;-123.0667
CA;V5P;Vancouver (SE Kensington / Victoria-Fraserview);British Columbia;49.222;-123.0683
CA;V5R;Vancouver (South Renfrew-Collingwood);British Columbia;49.2397;-123.0407
CA;V5S;Vancouver (Killarney);British Columbia;49.2175;-123.038
CA;V5T;Vancouver (East Mount Pleasant);British Columbia;49.262;-123.0923
CA;V5V;Vancouver (West Kensington / NE Riley Park-Little Mountain);British Columbia;49.248;-123.0913
CA;V5W;Vancouver (SE Riley Park-Little Mountain / SW Kensington / NE Oakridge / North Sunset);British Columbia;49.2327;-123.0917
CA;V5X;Vancouver (SE Oakridge / East Marpole / South Sunset);British Columbia;49.2156;-123.0979
CA;V5Y;Vancouver (West Mount Pleasant / West Riley Park-Little Mountain);British Columbia;49.2492;-123.1104
CA;V5Z;Vancouver (East Fairview / South Cambie);British Columbia;49.2475;-123.121
CA;V6A;Vancouver (Strathcona / Chinatown / Downtown Eastside);British Columbia;49.2779;-123.0908
CA;V6B;Vancouver (NE Downtown / Harbour Centre / Gastown / Yaletown);British Columbia;49.2788;-123.1139
CA;V6C;Vancouver (Waterfront / Coal Harbour / Canada Place);British Columbia;49.2866;-123.1158
CA;V6E;Vancouver (South West End);British Columbia;49.2833;-123.1298
CA;V6G;Vancouver (North West End / Stanley Park);British Columbia;49.299;-123.1408
CA;V6H;Vancouver (West Fairview / Granville Island / NE Shaughnessy);British Columbia;49.2559;-123.1322
CA;V6J;Vancouver (NW Shaughnessy / East Kitsilano / Quilchena);British Columbia;49.2603;-123.146
CA;V6K;Vancouver (Central Kitsilano);British Columbia;49.2646;-123.1648
CA;V6L;Vancouver (NW Arbutus Ridge);British Columbia;49.2497;-123.166
CA;V6M;Vancouver (South Shaughnessy / NW Oakridge / NE Kerrisdale / SE Arbutus Ridge);British Columbia;49.2344;-123.1451
CA;V6N;Vancouver (Dunbar-Southlands / Musqueam);British Columbia;49.2302;-123.189
CA;V6P;Vancouver (SE Kerrisdale / SW Oakridge / West Marpole);British Columbia;49.2151;-123.1396
CA;V6R;Vancouver (West Kitsilano / Jericho);British Columbia;49.2666;-123.1976
CA;V6S;Vancouver (Chaldecutt / South University Endowment Lands);British Columbia;49.2491;-123.2088
CA;V6T;Vancouver (UBC);British Columbia;49.4635;-122.822
CA;V6Z;Vancouver (SW Downtown);British Columbia;49.2767;-123.13
CA;V7G;North Vancouver Outer East;British Columbia;49.3678;-122.9278
CA;V7H;North Vancouver Inner East;British Columbia;49.3551;-122.9802
CA;V7J;North Vancouver East Central;British Columbia;49.3622;-123.0178
CA;V7K;North Vancouver North Central;British Columbia;49.3597;-123.0377
CA;V7L;North Vancouver South Central;British Columbia;49.316;-123.0576
CA;V7M;North Vancouver Southwest Central;British Columbia;49.3222;-123.0834
CA;V7N;North Vancouver Northwest Central;British Columbia;49.35;-123.0679
CA;V7P;North Vancouver Southwest;British Columbia;49.322;-123.1149
CA;V7R;North Vancouver Northwest;British Columbia;49.3775;-123.0862
CA;V7S;West Vancouver North;British Columbia;49.3745;-123.1864
CA;V7T;West Vancouver Southeast;British Columbia;49.3322;-123.1417
CA;V7V;West Vancouver South;British Columbia;49.3397;-123.1912
CA;V7W;West Vancouver West;British Columbia;49.3615;-123.2627
CA;V7X;Vancouver (Bentall Centre);British Columbia;49.2935;-123.1162
CA;V7Y;Vancouver (Pacific Centre);British Columbia;49.2819;-123.119
CA;V0A;Upper Columbia Region (Golden);British Columbia;51.2994;-116.939
CA;V0B;East Kootenays (Fernie);British Columbia;49.6775;-115.5636
CA;V0C;Northern British Columbia (Fort Nelson);British Columbia;58.3874;-125.7167
CA;V0E;Central Okanagan and High Country (Revelstoke);British Columbia;51.505;-119.2034
CA;V0G;West Kootenays (Rossland);British Columbia;50.053;-117.4291
CA;V0H;South Okanagan (Summerland);British Columbia;49.4089;-119.0054
CA;V0J;Omineca and Yellowhead (Smithers);British Columbia;55.9964;-126.8574
CA;V0K;Cariboo and West Okanagan (100 Mile House);British Columbia;51.4367;-121.6384
CA;V0L;Chilcotin (Alexis Creek);British Columbia;52.0993;-123.6526
CA;V0M;Harrison Lake Region (Agassiz);British Columbia;49.6346;-122.038
CA;V0N;North Island/ Sunshine Coast/ and Southern Gulf Islands (Whistler);British Columbia;51.2944;-126.0745
CA;V0P;North Central Island and Bute Inlet Region (Gold River);British Columbia;49.8866;-126.2673
CA;V0R;Central Island (Chemainus);British Columbia;49.027;-124.8461
CA;V0S;Juan de Fuca Shore (Sooke);British Columbia;48.5432;-123.672
CA;V0T;Inside Passage and the Queen Charlottes (Queen Charlotte City);British Columbia;52.2338;-126.2134
CA;V0V;Lower Skeena (Port Edward);British Columbia;53.9725;-129.8986
CA;V0W;Atlin Region (Atlin);British Columbia;59.6378;-133.5433
CA;V0X;Similkameen (Hope);British Columbia;49.3688;-120.6569
CA;V1A;Kimberley;British Columbia;49.6832;-115.9855
CA;V1B;Vernon East;British Columbia;50.084;-118.938
CA;V1C;Cranbrook;British Columbia;49.4999;-115.7688
CA;V1E;Salmon Arm;British Columbia;50.6998;-119.2691
CA;V1G;Dawson Creek;British Columbia;55.7666;-120.2362
CA;V1H;Vernon West;British Columbia;50.2868;-119.4975
CA;V1J;Fort St. John;British Columbia;56.2499;-120.8529
CA;V1K;Merritt;British Columbia;50.1122;-120.7942
CA;V1L;Nelson;British Columbia;49.4999;-117.2855
CA;V1M;Langley Township North;British Columbia;49.1661;-122.5792
CA;V1N;Castlegar;British Columbia;49.2998;-117.6689
CA;V1P;Kelowna East;British Columbia;49.8959;-119.1724
CA;V1R;Trail;British Columbia;49.0998;-117.7022
CA;V1S;Kamloops Southwest;British Columbia;50.5583;-120.5477
CA;V1T;Vernon Central;British Columbia;50.2604;-119.2774
CA;V1V;Kelowna North;British Columbia;49.9497;-119.4339
CA;V1W;Kelowna Southwest;British Columbia;49.812;-119.5076
CA;V1X;Kelowna East Central;British Columbia;50.0528;-119.2858
CA;V1Y;Kelowna Central;British Columbia;49.8928;-119.4852
CA;V1Z;Kelowna West;British Columbia;49.8625;-119.5833
CA;V2A;Penticton;British Columbia;49.4806;-119.5858
CA;V2B;Kamloops Northwest;British Columbia;50.8869;-120.7357
CA;V2C;Kamloops Central and Southeast;British Columbia;50.5437;-120.0937
CA;V2E;Kamloops South and West;British Columbia;50.6736;-120.4212
CA;V2G;Williams Lake;British Columbia;52.1415;-122.1445
CA;V2H;Kamloops North;British Columbia;50.7262;-120.1659
CA;V2J;Quesnel;British Columbia;52.9784;-122.4931
CA;V2K;Prince George North;British Columbia;54.0508;-122.9221
CA;V2L;Prince George East Central;British Columbia;53.9078;-122.7473
CA;V2M;Prince George West Central;British Columbia;53.9127;-122.8708
CA;V2N;Prince George South;British Columbia;53.6408;-122.954
CA;V2P;Chilliwack Central;British Columbia;49.1838;-121.9046
CA;V2R;Chilliwack West;British Columbia;49.076;-121.9883
CA;V2S;Abbotsford Southeast;British Columbia;49.0423;-122.2835
CA;V2T;Abbotsford Southwest;British Columbia;49.0384;-122.3485
CA;V2V;Mission East;British Columbia;49.6463;-122.5047
CA;V2W;Maple Ridge East;British Columbia;49.2068;-122.4851
CA;V2X;Maple Ridge West;British Columbia;49.2196;-122.6164
CA;V2Y;Langley Township Northwest;British Columbia;49.1285;-122.6236
CA;V2Z;Langley Township Southwest;British Columbia;49.0483;-122.5997
CA;V3A;Langley City;British Columbia;49.0997;-122.6526
CA;V3B;Port Coquitlam Central;British Columbia;49.274;-122.7649
CA;V3C;Port Coquitlam South;British Columbia;49.2436;-122.7865
CA;V3E;Port Coquitlam North;British Columbia;49.3167;-122.7384
CA;V3G;Abbotsford East;British Columbia;49.0754;-122.178
CA;V3H;Port Moody;British Columbia;49.3231;-122.8626
CA;V3J;Coquitlam North;British Columbia;49.265;-122.8716
CA;V3K;Coquitlam South;British Columbia;49.2366;-122.8521
CA;V3L;New Westminster Northeast;British Columbia;49.2201;-122.8998
CA;V3M;New Westminster Southwest (Includes Annacis Island);British Columbia;49.1886;-122.9384
CA;V3N;Burnaby (East Big Bend / Stride Avenue / Edmonds / Cariboo-Armstrong);British Columbia;49.2275;-122.9301
CA;V3R;Surrey North;British Columbia;49.1948;-122.8131
CA;V3S;Surrey East;British Columbia;49.0791;-122.7553
CA;V3T;Surrey Inner Northwest;British Columbia;49.1894;-122.8454
CA;V3V;Surrey Outer Northwest;British Columbia;49.1889;-122.873
CA;V3W;Surrey Upper West;British Columbia;49.141;-122.8569
CA;V3X;Surrey Lower West;British Columbia;49.1067;-122.8576
CA;V3Y;Pitt Meadows;British Columbia;49.2212;-122.6896
CA;V3Z;Surrey;British Columbia;49.1064;-122.8251
CA;V4A;Surrey Southwest;British Columbia;49.0374;-122.8299
CA;V4B;White Rock;British Columbia;49.0259;-122.8058
CA;V4C;Delta Northeast;British Columbia;49.1551;-122.9124
CA;V4E;Delta East;British Columbia;49.1197;-122.9056
CA;V4G;Delta East Central;British Columbia;49.1464;-123.0137
CA;V4K;Delta Central;British Columbia;49.0986;-123.0318
CA;V4L;Delta Southeast;British Columbia;49.0418;-123.0591
CA;V4M;Delta Southwest;British Columbia;49.0331;-123.0877
CA;V4N;Surrey Northeast;British Columbia;49.1707;-122.7326
CA;V4P;Surrey South;British Columbia;49.0561;-122.8302
CA;V4R;Maple Ridge Northwest;British Columbia;49.2903;-122.5169
CA;V4S;Mission West;British Columbia;49.2528;-122.3574
CA;V4T;Westbank;British Columbia;49.866;-119.7387
CA;V4V;Winfield;British Columbia;50.0221;-119.4054
CA;V4W;Langley Township East;British Columbia;49.0713;-122.4977
CA;V4X;Abbotsford West;British Columbia;49.0861;-122.4026
CA;V4Z;Chilliwack East;British Columbia;49.0787;-121.6098
CA;V5A;Burnaby (Government Road / Lake City / SFU / Burnaby Mountain);British Columbia;49.264;-122.9369
CA;V5B;Burnaby (Parkcrest-Aubrey / Ardingley-Sprott);British Columbia;49.2769;-122.9761
CA;V5C;Burnaby (Burnaby Heights / Willingdon Heights / West Central Valley);British Columbia;49.274;-123.0074
CA;V5E;Burnaby (Lakeview-Mayfield / Richmond Park / Kingsway-Beresford);British Columbia;49.2272;-122.9574
CA;V5G;Burnaby (Cascade-Schou / Douglas-Gilpin);British Columbia;49.2478;-122.9938
CA;V5H;Burnaby (Maywood / Marlborough / Oakalla / Windsor);British Columbia;49.2302;-122.9952
CA;V5J;Burnaby (Suncrest / Sussex-Nelson / Clinton-Glenwood / West Big Bend);British Columbia;49.2038;-122.9921
CA;V6V;Richmond Northeast;British Columbia;49.1853;-123.0386
CA;V6W;Richmond Southeast;British Columbia;49.1534;-123.048
CA;V6X;Richmond North;British Columbia;49.1836;-123.1168
CA;V6Y;Richmond Central;British Columbia;49.17;-123.1368
CA;V7A;Richmond South;British Columbia;49.1205;-123.1171
CA;V7B;Richmond (Sea Island / YVR);British Columbia;49.1988;-123.1799
CA;V7C;Richmond West;British Columbia;49.1626;-123.1721
CA;V7E;Richmond Southwest;British Columbia;49.1323;-123.1705
CA;V8A;Powell River;British Columbia;50.0163;-124.3226
CA;V8B;Squamish;British Columbia;49.7002;-123.156
CA;V8C;Kitimat;British Columbia;54.0524;-128.6534
CA;V8E;Whistler;British Columbia;50.1182;-122.954
CA;V8G;Terrace;British Columbia;54.5163;-128.6035
CA;V8J;Prince Rupert;British Columbia;54.3161;-130.3201
CA;V8K;Saltspring Island;British Columbia;48.8138;-123.4973
CA;V8L;Sidney;British Columbia;48.6496;-123.4026
CA;V8M;Central Saanich;British Columbia;48.5663;-123.4193
CA;V8N;Saanich East;British Columbia;48.4765;-123.3145
CA;V8P;Saanich Southeast;British Columbia;48.4583;-123.3325
CA;V8R;Oak Bay North;British Columbia;48.4496;-123.3026
CA;V8S;Oak Bay South;British Columbia;48.42;-123.3047
CA;V8T;Victoria North;British Columbia;48.4392;-123.3566
CA;V8V;Victoria South;British Columbia;48.4167;-123.365
CA;V8W;Victoria Central British Columbia Provincial Government;British Columbia;48.4267;-123.3655
CA;V8X;Saanich South;British Columbia;48.4777;-123.3658
CA;V8Y;Saanich North;British Columbia;48.5247;-123.3745
CA;V8Z;Saanich Central;British Columbia;48.4993;-123.4003
CA;V9A;Esquimalt;British Columbia;48.4496;-123.4193
CA;V9B;Highlands;British Columbia;48.4793;-123.5271
CA;V9C;Metchosin;British Columbia;48.3829;-123.5359
CA;V9E;Saanich West;British Columbia;48.5219;-123.453
CA;V9G;Ladysmith;British Columbia;48.9829;-123.8194
CA;V9H;Campbell River Outskirts;British Columbia;49.9088;-125.5862
CA;V9J;Courtenay Northern Outskirts;British Columbia;49.7242;-125.2604
CA;V9K;Qualicum Beach;British Columbia;49.3468;-124.4361
CA;V9L;Duncan;British Columbia;48.7829;-123.7027
CA;V9M;Comox;British Columbia;49.6829;-124.9361
CA;V9N;Courtenay Central;British Columbia;49.6585;-124.9835
CA;V9P;Parksville;British Columbia;49.3163;-124.3194
CA;V9R;Nanaimo South;British Columbia;49.1609;-123.9825
CA;V9S;Nanaimo Central;British Columbia;49.1886;-123.963
CA;V9T;Nanaimo North;British Columbia;49.2146;-124.02
CA;V9V;Nanaimo Northwest;British Columbia;49.2391;-124.0227
CA;V9W;Campbell River Central;British Columbia;50.0769;-125.5909
CA;V9X;Cedar;British Columbia;49.0419;-123.979
CA;V9Y;Port Alberni;British Columbia;49.2413;-124.8028
CA;V9Z;Sooke;British Columbia;48.3746;-123.7276
CA;R5K;Lorette;Manitoba;49.7392;-96.8723
CA;R0A;Southeastern Manitoba (Lorette);Manitoba;49.2911;-96.2985
CA;R0B;Northern Manitoba (Norway House);Manitoba;56.2701;-96.9118
CA;R0C;North Interlake (Stonewall);Manitoba;51.4132;-97.8525
CA;R0E;Eastern Manitoba (Beausejour);Manitoba;50.4751;-95.961
CA;R0G;South Central Manitoba (Altona);Manitoba;49.4394;-98.0869
CA;R0H;South Interlake (MacGregor);Manitoba;50.3458;-98.5152
CA;R0J;Riding Mountain (Neepawa);Manitoba;50.5842;-100.1345
CA;R0K;Brandon Region (Killarney);Manitoba;49.555;-99.7154
CA;R0L;Western Manitoba (Swan River);Manitoba;52.0092;-100.2901
CA;R0M;Southwestern Manitoba (Virden);Manitoba;49.711;-100.9263
CA;R1A;Selkirk;Manitoba;50.1436;-96.8845
CA;R1B;Lockport;Manitoba;50.084;-96.9353
CA;R1C;Narol;Manitoba;50.055;-96.9781
CA;R1N;Portage la Prairie;Manitoba;49.9728;-98.2926
CA;R2C;Winnipeg (Transcona);Manitoba;49.9247;-96.9563
CA;R2E;East St. Paul;Manitoba;49.9791;-97.0128
CA;R2G;Winnipeg (River East North);Manitoba;49.9413;-97.0571
CA;R2H;Winnipeg (St. Boniface NW);Manitoba;49.8846;-97.1186
CA;R2J;Winnipeg (St. Boniface NE);Manitoba;49.8665;-97.0633
CA;R2K;Winnipeg (River East Central);Manitoba;49.9203;-97.083
CA;R2L;Winnipeg (River East South);Manitoba;49.9075;-97.0996
CA;R2M;Winnipeg (St. Vital North);Manitoba;49.8396;-97.1147
CA;R2N;Winnipeg (St. Vital SW);Manitoba;49.7838;-97.0973
CA;R2P;Winnipeg (Seven Oaks West);Manitoba;49.9696;-97.1554
CA;R2R;Winnipeg (Inkster West);Manitoba;49.9377;-97.2162
CA;R2V;Winnipeg (Seven Oaks East);Manitoba;49.9548;-97.1112
CA;R2W;Winnipeg (Point Douglas East);Manitoba;49.9195;-97.1354
CA;R2X;Winnipeg (Point Douglas West / Inkster East);Manitoba;49.9322;-97.1733
CA;R2Y;Winnipeg (St. James-Assiniboia NW);Manitoba;49.9073;-97.2945
CA;R3A;Winnipeg (Centennial);Manitoba;49.9038;-97.1489
CA;R3B;Winnipeg (Chinatown / Civic Centre / Exchange District);Manitoba;49.898;-97.1401
CA;R3C;Winnipeg (Broadway / The Forks / Portage and Main) Manitoba Provincial Government;Manitoba;50.011;-97.2184
CA;R3E;Winnipeg (Sargent Park / Daniel McIntyre / Inkster SE);Manitoba;49.9081;-97.1779
CA;R3G;Winnipeg (Minto / St. Mathews / Wolseley);Manitoba;49.8876;-97.1807
CA;R3H;Winnipeg (St. James-Assiniboia NE / YWG);Manitoba;49.9033;-97.2074
CA;R3J;Winnipeg (St. James-Assiniboia SE);Manitoba;49.8966;-97.2404
CA;R3K;Winnipeg (St. James-Assiniboia SW);Manitoba;49.8734;-97.307
CA;R3L;Winnipeg (River Heights East);Manitoba;49.867;-97.1356
CA;R3M;Winnipeg (River Heights Central);Manitoba;49.8625;-97.1665
CA;R3N;Winnipeg (River Heights West);Manitoba;49.8629;-97.1959
CA;R3P;Winnipeg (Fort Garry NW / Tuxedo);Manitoba;49.8425;-97.2182
CA;R3R;Winnipeg (Assiniboine South / Betsworth);Manitoba;49.8546;-97.2874
CA;R3S;Winnipeg (Wilkes South);Manitoba;49.8255;-97.2934
CA;R3T;Winnipeg (Fort Garry NE / University of Manitoba);Manitoba;49.8143;-97.1531
CA;R3V;Winnipeg (Fort Garry South);Manitoba;49.7462;-97.1745
CA;R3W;Winnipeg (Grassie / Pequis);Manitoba;49.9141;-97.0401
CA;R3X;Winnipeg (St. Boniface South / St. Vital SE);Manitoba;49.8209;-97.0322
CA;R3Y;Winnipeg (Fort Garry West);Manitoba;49.7885;-97.2147
CA;R4A;West St. Paul;Manitoba;50.0211;-97.1147
CA;R4G;Oak Bluff;Manitoba;49.7736;-97.3221
CA;R4H;Headingley East;Manitoba;49.8761;-97.3812
CA;R4J;Headingley West;Manitoba;49.8467;-97.4319
CA;R4K;Cartier;Manitoba;49.8908;-97.6004
CA;R4L;St. Francois Xavier;Manitoba;49.9372;-97.5545
CA;R5A;St. Adolphe;Manitoba;49.712;-97.0836
CA;R5G;Steinbach;Manitoba;49.5258;-96.6845
CA;R5H;Ste. Anne;Manitoba;49.6697;-96.65
CA;R6M;Morden;Manitoba;49.1919;-98.1014
CA;R6W;Winkler;Manitoba;49.1817;-97.941
CA;R7A;Brandon Southeast;Manitoba;49.8174;-99.9565
CA;R7B;Brandon Southwest;Manitoba;49.842;-99.9831
CA;R7C;Brandon North;Manitoba;49.8817;-99.965
CA;R7N;Dauphin;Manitoba;51.1494;-100.0502
CA;R8A;Flin Flon;Manitoba;54.7682;-101.865
CA;R8N;Thompson;Manitoba;55.7435;-97.8558
CA;R9A;The Pas;Manitoba;53.704;-101.2933
CA;E1A;Dieppe Moncton East;New Brunswick;46.0967;-64.7087
CA;E1B;Riverview;New Brunswick;46.0545;-64.816
CA;E1C;Moncton Central;New Brunswick;46.0987;-64.8036
CA;E1E;Moncton West;New Brunswick;46.0771;-64.8529
CA;E1G;Moncton Northwest;New Brunswick;46.1797;-64.9484
CA;E1H;Lakeville/ Shediac Bridge;New Brunswick;46.1732;-64.6957
CA;E1J;Coverdale;New Brunswick;45.9976;-64.8483
CA;E1N;Miramichi South;New Brunswick;46.9501;-65.3239
CA;E1V;Miramichi North;New Brunswick;47.1942;-65.9381
CA;E1W;Caraquet;New Brunswick;47.7941;-64.9386
CA;E1X;Tracadie-Sheila;New Brunswick;47.5144;-64.9181
CA;E2A;Bathurst;New Brunswick;47.6181;-65.6511
CA;E2E;Rothesay/ Quispamsis;New Brunswick;45.4137;-65.982
CA;E2G;Quispamsis;New Brunswick;45.4534;-65.931
CA;E2H;Saint John Northeast/ Renforth;New Brunswick;45.35;-66.0101
CA;E2J;Saint John East;New Brunswick;45.2563;-65.9432
CA;E2K;Saint John North;New Brunswick;45.3053;-66.0808
CA;E2L;Saint John Central;New Brunswick;45.2717;-66.0584
CA;E2M;Saint John West;New Brunswick;45.2347;-66.1749
CA;E2N;Saint John Lakewood;New Brunswick;45.3176;-65.9271
CA;E2P;Saint John Red Head;New Brunswick;45.2426;-65.9847
CA;E2R;Saint John Grandview;New Brunswick;46.0368;-66.0373
CA;E2S;Saint John Loch Lomond;New Brunswick;45.3371;-65.8133
CA;E2V;Oromocto;New Brunswick;45.8351;-66.4792
CA;E3A;Fredericton North;New Brunswick;46.0401;-66.3862
CA;E3B;Fredericton South New Brunswick Provincial Government;New Brunswick;45.8119;-66.6763
CA;E3C;Fredericton Southwest/ New Maryland;New Brunswick;45.902;-66.7057
CA;E3E;Kingsclear;New Brunswick;45.8834;-66.9156
CA;E3G;Fredericton;New Brunswick;46.0546;-66.7344
CA;E3L;St. Stephen;New Brunswick;45.1804;-67.2953
CA;E3N;Campbellton;New Brunswick;48.0075;-66.6727
CA;E3V;Edmundston;New Brunswick;47.3737;-68.3251
CA;E3Y;Grand Falls Northeast;New Brunswick;47.1683;-67.6207
CA;E3Z;Grand Falls Central;New Brunswick;46.9266;-67.7466
CA;E4A;Bathurst;New Brunswick;46.1599;-65.8102
CA;E4B;Minto;New Brunswick;46.0848;-66.0622
CA;E4C;Youngs Cove;New Brunswick;45.8693;-65.9006
CA;E4E;Sussex;New Brunswick;45.7227;-65.5066
CA;E4G;Smiths Creek;New Brunswick;45.8552;-65.4795
CA;E4H;Hillsborough;New Brunswick;45.9199;-64.6552
CA;E4J;Salisbury;New Brunswick;46.0391;-65.0463
CA;E4K;Dorchester;New Brunswick;45.9016;-64.508
CA;E4L;Sackville;New Brunswick;45.9188;-64.3845
CA;E4M;Bayfield;New Brunswick;46.0919;-64.0173
CA;E4N;Cap-Pel?ê;New Brunswick;46.2129;-64.2784
CA;E4P;Shediac;New Brunswick;46.2198;-64.5411
CA;E4R;Cocagne;New Brunswick;46.3324;-64.6187
CA;E4S;Bouctouche;New Brunswick;46.4684;-64.739
CA;E4T;Bass River;New Brunswick;46.3042;-64.972
CA;E4V;Saint-Antoine;New Brunswick;46.3629;-64.7499
CA;E4W;Richibucto;New Brunswick;46.6807;-64.8804
CA;E4X;St-Louis-de-Kent;New Brunswick;46.7401;-64.9698
CA;E4Y;Rogersville;New Brunswick;46.7345;-65.427
CA;E4Z;Petitcodiac;New Brunswick;45.9394;-65.1802
CA;E5A;Moores Mills;New Brunswick;45.3705;-67.1737
CA;E5B;St. Andrews;New Brunswick;45.0845;-67.0617
CA;E5C;St. George;New Brunswick;45.1265;-66.8314
CA;E5E;Campobello Island;New Brunswick;44.8908;-66.9318
CA;E5G;Grand Manan Island;New Brunswick;44.6976;-66.8065
CA;E5H;Pennfield;New Brunswick;45.1168;-66.6822
CA;E5J;Lepreau;New Brunswick;45.1979;-66.4308
CA;E5K;Grand Bay-Westfield;New Brunswick;45.3407;-66.2528
CA;E5L;Fredericton Junction;New Brunswick;45.6604;-66.6139
CA;E5M;Gagetown;New Brunswick;45.7701;-66.1617
CA;E5N;Hampton;New Brunswick;45.5288;-65.8535
CA;E5P;Apohaqui;New Brunswick;45.7599;-65.6704
CA;E5R;St. Martins;New Brunswick;45.351;-65.5457
CA;E5S;Kingston;New Brunswick;45.4098;-66.0932
CA;E5T;Norton;New Brunswick;45.6508;-65.7302
CA;E5V;Deer Island;New Brunswick;44.9862;-66.9694
CA;E6A;Boiestown;New Brunswick;46.4558;-66.4198
CA;E6B;Stanley;New Brunswick;46.3381;-66.9058
CA;E6C;Durham Bridge;New Brunswick;46.1168;-66.5989
CA;E6E;Millville;New Brunswick;46.1307;-67.1962
CA;E6G;Nackawic;New Brunswick;45.9967;-67.2403
CA;E6H;Canterbury;New Brunswick;45.8954;-67.4678
CA;E6J;McAdam;New Brunswick;45.5923;-67.307
CA;E6K;Harvey;New Brunswick;45.729;-67.0064
CA;E6L;Burtts Corner;New Brunswick;45.9881;-67.0338
CA;E7A;Baker Brook;New Brunswick;47.3;-68.7487
CA;E7B;Saint-Jacques;New Brunswick;47.5655;-68.3127
CA;E7C;Saint-Basile;New Brunswick;47.6583;-68.0684
CA;E7E;Saint-Leonard;New Brunswick;47.173;-67.9247
CA;E7G;Plaster Rock;New Brunswick;46.9065;-67.39
CA;E7H;Perth-Andover;New Brunswick;46.7355;-67.7039
CA;E7J;Bath;New Brunswick;46.5807;-67.5911
CA;E7K;Centreville;New Brunswick;46.3982;-67.7174
CA;E7L;Florenceville;New Brunswick;46.5528;-67.305
CA;E7M;Woodstock;New Brunswick;46.158;-67.5838
CA;E7N;Debec;New Brunswick;46.0555;-67.5839
CA;E7P;Hartland;New Brunswick;46.2999;-67.5167
CA;E8A;Saint-Quentin;New Brunswick;47.5133;-67.3929
CA;E8B;Kedgwick;New Brunswick;47.6446;-67.3434
CA;E8C;Dalhousie;New Brunswick;48.055;-66.3847
CA;E8E;Balmoral;New Brunswick;47.679;-66.4342
CA;E8G;Belledune;New Brunswick;47.8023;-66.1243
CA;E8J;Petit-Rocher;New Brunswick;47.7941;-65.8219
CA;E8K;Beresford;New Brunswick;47.6913;-65.6989
CA;E8L;Allardville;New Brunswick;47.475;-65.495
CA;E8M;Saint-Isidore;New Brunswick;47.5765;-65.1379
CA;E8N;Grande-Anse;New Brunswick;47.8078;-65.1945
CA;E8P;Inkerman;New Brunswick;47.6672;-64.8248
CA;E8R;Paquetville;New Brunswick;47.6383;-65.1709
CA;E8S;Shippagan;New Brunswick;47.7287;-64.7247
CA;E8T;Lam?Êque;New Brunswick;47.7936;-64.6475
CA;E9A;Baie-Sainte-Anne;New Brunswick;47.0188;-64.92
CA;E9B;Blackville;New Brunswick;46.7398;-65.8319
CA;E9C;Doaktown;New Brunswick;46.557;-66.1257
CA;E9E;Red Bank;New Brunswick;46.8486;-65.6772
CA;E9G;Neguac;New Brunswick;47.2489;-65.0741
CA;E9H;Brantville;New Brunswick;47.3528;-65.0538
CA;A0A;Southeastern Avalon Peninsula (Ferryland);Newfoundland and Labrador;47.2195;-53.1448
CA;A0B;Western Avalon Peninsula (Argentia);Newfoundland and Labrador;47.327;-53.6609
CA;A0C;Bonavista Peninsula (Bonavista);Newfoundland and Labrador;48.3843;-53.9081
CA;A0E;Burin Peninsula (Marystown);Newfoundland and Labrador;47.5607;-54.7801
CA;A0G;Northeast Newfoundland (Lewisporte);Newfoundland and Labrador;48.8657;-54.7296
CA;A0H;Central Newfoundland (Bishops Falls);Newfoundland and Labrador;48.4311;-56.1758
CA;A0J;Northern Newfoundland (Springdale);Newfoundland and Labrador;49.5067;-56.2616
CA;A0K;Northwest Newfoundland/Eastern Labrador (Mary's Harbour);Newfoundland and Labrador;52.7359;-57.9825
CA;A0L;Western Newfoundland (Lark Harbour);Newfoundland and Labrador;48.9445;-58.0645
CA;A0M;Southwestern Newfoundland (Channel-Port aux Basques);Newfoundland and Labrador;47.8037;-58.3869
CA;A0N;Port au Port Peninsula region (St. George's);Newfoundland and Labrador;48.0868;-57.8231
CA;A0P;Central Labrador (Happy Valley-Goose Bay);Newfoundland and Labrador;54.9549;-61.6024
CA;A0R;North/Western Labrador (Churchill Falls);Newfoundland and Labrador;53.54;-65.112
CA;A1A;St. John's North;Newfoundland and Labrador;47.5986;-52.6926
CA;A1B;St. John's Northwest Newfoundland & Labrador Provincial Government;Newfoundland and Labrador;47.5698;-52.7796
CA;A1C;St. John's North Central;Newfoundland and Labrador;47.5124;-52.6729
CA;A1E;St. John's Central;Newfoundland and Labrador;47.5334;-52.7595
CA;A1G;St. John's South;Newfoundland and Labrador;47.506;-52.7603
CA;A1H;St. John's Southwest;Newfoundland and Labrador;47.483;-52.8415
CA;A1K;Torbay;Newfoundland and Labrador;47.6666;-52.7313
CA;A1L;Paradise;Newfoundland and Labrador;47.5291;-52.8814
CA;A1M;Portugal Cove-St. Philips;Newfoundland and Labrador;47.6207;-52.8318
CA;A1N;Mount Pearl;Newfoundland and Labrador;47.5194;-52.8122
CA;A1S;Goulds;Newfoundland and Labrador;47.4212;-52.8077
CA;A1V;Gander;Newfoundland and Labrador;48.9682;-54.5906
CA;A1W;Manuels;Newfoundland and Labrador;47.5096;-52.9447
CA;A1X;Conception Bay;Newfoundland and Labrador;47.4999;-52.9981
CA;A1Y;Carbonear;Newfoundland and Labrador;47.7113;-53.2953
CA;A2A;Grand Falls;Newfoundland and Labrador;48.9332;-55.6649
CA;A2B;Windsor;Newfoundland and Labrador;48.9499;-55.6649
CA;A2H;Corner Brook;Newfoundland and Labrador;48.9156;-57.797
CA;A2N;Stephenville;Newfoundland and Labrador;48.55;-58.5818
CA;A2V;Labrador City;Newfoundland and Labrador;52.9517;-66.9328
CA;A5A;Clarenville;Newfoundland and Labrador;48.1666;-53.9648
CA;A8A;Deer Lake;Newfoundland and Labrador;49.1667;-57.4316
CA;B0C;North Victoria County (Dingwall);Nova Scotia;46.6482;-60.5396
CA;B0E;West Cape Breton Island (Baddeck);Nova Scotia;46.1133;-61.0251
CA;B0H;Canso region (Havre Boucher);Nova Scotia;45.3335;-61.8333
CA;B0J;Mainland east shore (Lunenburg);Nova Scotia;44.9419;-62.6471
CA;B0K;Southern Northumberland Strait (Pictou);Nova Scotia;45.6138;-62.9506
CA;B0L;Isthmus of Chignecto (River H?êbert);Nova Scotia;45.6908;-64.3641
CA;B0M;Cobequid Bay north shore (Springhill);Nova Scotia;45.5354;-64.0393
CA;B0N;Hants County (Shubenacadie);Nova Scotia;45.0963;-63.4701
CA;B0P;Kings County (Kingston);Nova Scotia;45.0328;-64.6566
CA;B0R;West Lunenburg County (New Germany);Nova Scotia;44.6003;-64.7443
CA;B0S;West Annapolis County (Middleton);Nova Scotia;44.6861;-65.3002
CA;B0T;Queens County (Shelburne);Nova Scotia;44.0802;-65.1175
CA;B0V;Digby Neck (Digby);Nova Scotia;44.5342;-65.7783
CA;B0W;Southwest Mainland (Weymouth);Nova Scotia;44.0486;-65.7547
CA;B1A;Glace Bay;Nova Scotia;46.197;-59.957
CA;B1B;Port Morien;Nova Scotia;46.1174;-59.9144
CA;B1C;Louisbourg;Nova Scotia;45.9485;-59.9737
CA;B1E;Reserve Mines;Nova Scotia;46.1845;-60.0166
CA;B1G;Dominion;Nova Scotia;46.2168;-60.0151
CA;B1H;New Waterford;Nova Scotia;46.2501;-60.0817
CA;B1J;East Bay;Nova Scotia;45.9834;-60.3652
CA;B1K;Marion Bridge;Nova Scotia;45.9668;-60.2318
CA;B1L;Sydney Southwest;Nova Scotia;46.0627;-60.2045
CA;B1M;Sydney East;Nova Scotia;46.127;-60.0696
CA;B1N;Sydney North;Nova Scotia;46.1975;-60.1559
CA;B1P;Sydney North Central;Nova Scotia;46.1341;-60.1749
CA;B1R;Sydney West;Nova Scotia;46.1284;-60.2915
CA;B1S;Sydney Central;Nova Scotia;46.1109;-60.2092
CA;B1T;Christmas Island;Nova Scotia;45.9668;-60.7152
CA;B1V;North Sydney North;Nova Scotia;46.2437;-60.2313
CA;B1W;Eskasoni;Nova Scotia;45.9328;-60.6438
CA;B1X;Big Bras d'Or;Nova Scotia;46.2904;-60.47
CA;B1Y;Alder Point;Nova Scotia;46.2538;-60.3566
CA;B2A;North Sydney South Central;Nova Scotia;46.1169;-60.3769
CA;B2C;Iona;Nova Scotia;45.9948;-60.8421
CA;B2E;Loch Lomond;Nova Scotia;45.7501;-60.6152
CA;B2G;Antigonish;Nova Scotia;45.6168;-61.9986
CA;B2H;New Glasgow;Nova Scotia;45.5834;-62.6486
CA;B2J;Fourchu;Nova Scotia;45.707;-60.4665
CA;B2N;Truro;Nova Scotia;45.3668;-63.2654
CA;B2R;Waverley;Nova Scotia;44.7599;-63.5525
CA;B2S;Lantz;Nova Scotia;45.0209;-63.5344
CA;B2T;Enfield;Nova Scotia;44.8749;-63.4689
CA;B2V;Dartmouth Morris Lake;Nova Scotia;44.6529;-63.4777
CA;B2W;Dartmouth East Central;Nova Scotia;44.6752;-63.5077
CA;B2X;Dartmouth North Central;Nova Scotia;44.702;-63.533
CA;B2Y;Dartmouth South Central;Nova Scotia;44.6645;-63.5453
CA;B2Z;Dartmouth East;Nova Scotia;44.7227;-63.4223
CA;B3A;Dartmouth Southwest;Nova Scotia;44.6819;-63.5768
CA;B3B;Dartmouth Northwest;Nova Scotia;44.7091;-63.5869
CA;B3E;Porters Lake;Nova Scotia;44.7722;-63.3361
CA;B3G;Eastern Passage;Nova Scotia;44.6169;-63.482
CA;B3H;Halifax Lower Harbour;Nova Scotia;44.6344;-63.5822
CA;B3J;Halifax Mid-Harbour Nova Scotia Provincial Government;Nova Scotia;44.6451;-63.5762
CA;B3K;Halifax Upper Harbour;Nova Scotia;44.662;-63.6017
CA;B3L;Halifax Central;Nova Scotia;44.6508;-63.6146
CA;B3M;Halifax Bedford Basin;Nova Scotia;44.6784;-63.6582
CA;B3N;Halifax South Central;Nova Scotia;44.631;-63.6405
CA;B3P;Halifax North West Arm;Nova Scotia;44.6139;-63.5946
CA;B3R;Halifax South;Nova Scotia;44.5939;-63.6031
CA;B3S;Halifax West;Nova Scotia;44.6533;-63.6675
CA;B3T;Lakeside;Nova Scotia;44.5683;-63.7306
CA;B3V;Harrietsfield;Nova Scotia;44.5199;-63.6064
CA;B3Z;Tantallon;Nova Scotia;44.6386;-63.8687
CA;B4A;Bedford Southeast;Nova Scotia;44.7232;-63.656
CA;B4B;Bedford Northwest;Nova Scotia;44.7509;-63.7711
CA;B4C;Lower Sackville South;Nova Scotia;44.7607;-63.637
CA;B4E;Lower Sackville West;Nova Scotia;44.8163;-63.7387
CA;B4G;Lower Sackville North;Nova Scotia;44.8814;-63.6798
CA;B4H;Amherst;Nova Scotia;45.8335;-64.1987
CA;B4N;Kentville;Nova Scotia;45.0834;-64.4988
CA;B4P;Wolfville;Nova Scotia;45.0834;-64.3655
CA;B4R;Coldbrook;Nova Scotia;45.0668;-64.5821
CA;B4V;Bridgewater;Nova Scotia;44.3835;-64.5155
CA;B5A;Yarmouth;Nova Scotia;43.8335;-66.1156
CA;B6L;Truro;Nova Scotia;45.4093;-63.2114
CA;B9A;Port Hawkesbury;Nova Scotia;45.6168;-61.3485
CA;X0E;Central Northwest Territories (Inuvik);Northwest Territory;66.8714;-120.225
CA;X0G;Southwestern Northwest Territories (Fort Liard);Northwest Territory;60.2563;-123.3826
CA;X1A;Yellowknife;Northwest Territory;62.456;-114.3525
CA;X0A;Outer Nunavut (Iqaluit);Nunavut Territory;79.6218;-76.7765
CA;X0B;Central Nunavut (Cambridge Bay);Nunavut Territory;70.9072;-106.9604
CA;X0C;Inner Nunavut (Rankin Inlet);Nunavut Territory;64.1647;-94.7724
CA;P0R;Algoma Southwest (Blind River);Ontario;46.5984;-83.0385
CA;N3P;Brantford Northeast;Ontario;43.1818;-80.2367
CA;N3R;Brantford Central;Ontario;43.1692;-80.2684
CA;N3S;Brantford Southeast;Ontario;43.1394;-80.2357
CA;N3T;Brantford Southwest;Ontario;43.131;-80.3254
CA;N3V;Brantford Northwest;Ontario;43.1734;-80.298
CA;L0N;Dufferin County (Shelburne);Ontario;44.0317;-80.2068
CA;K0H;Frontenac County/ Addington County/ Loyalist Shores and Southwest Leeds (Inverary);Ontario;44.7208;-76.8334
CA;L0P;Halton Regional Municipality (Campbellville);Ontario;43.4906;-79.9998
CA;L9E;Milton;Ontario;43.5168;-79.8829
CA;L8E;Hamilton (Confederation Park / Nashdale / East Kentley / Riverdale / Lakely / Grayside / North Stoney Creek);Ontario;43.2245;-79.6988
CA;L8G;Hamilton (Greenford / North Gershome / West Stoney Creek);Ontario;43.2164;-79.7423
CA;L8H;Hamilton (West Kentley / McQuesten / Parkview / Hamilton Beach / East Industrial Sector / Normanhurst / Homeside / East Crown Point);Ontario;43.2596;-79.7925
CA;L8J;Hamilton (East Albion Falls / South Stoney Creek);Ontario;43.1836;-79.721
CA;L8K;Hamilton (East Delta / Bartonville / Glenview / Rosedale / Lower King's Forest / Red Hill / Corman / Vincent / South Gershome);Ontario;43.2211;-79.7994
CA;L8L;Hamilton (West Industrial Sector / West Crown Point / North Stipley / North Gibson / Landsdale / Keith / North End / Beasley);Ontario;43.2783;-79.8344
CA;L8M;Hamilton (West Delta / Blakeley / South Stipley / South Gibson / St. Clair);Ontario;43.2441;-79.8359
CA;L8N;Hamilton (Stinson / Corktown);Ontario;43.4017;-80.017
CA;L8P;Hamilton (Durand / Kirkendall / Chedoke Park);Ontario;43.2514;-79.8925
CA;L8R;Hamilton (Central / Strathcona / South Dundurn);Ontario;43.2726;-79.8792
CA;L8S;Hamilton (Westdale / Cootes Paradise / Ainslie Wood);Ontario;43.2606;-79.9161
CA;L8T;Hamilton (Sherwood / Huntington / Upper King's Forest / Lisgar / Berrisfield / Hampton Heights / Sunninghill);Ontario;43.2199;-79.8286
CA;L8V;Hamilton (Raleigh / Macassa / Lawfield / Thorner / Burkholme / Eastmount);Ontario;43.2266;-79.8499
CA;L8W;Hamilton (West Albion Falls / Hannon / Rymal / Trenholme / Quinndale / Templemead / Broughton / Eleanor / Randall / Rushdale / Butler / East Chappel);Ontario;43.1958;-79.8458
CA;L9A;Hamilton (Crerar / Bruleville / Hill Park / Inch Park / Centremount / Balfour / Greeningdon / Jerome);Ontario;43.2271;-79.871
CA;L9B;Hamilton (Barnstown / West Chappel / Allison / Ryckmans / Mewburn / Sheldon / Falkirk / Carpenter / Kennedy / Southwest Outskirts);Ontario;43.2055;-79.9004
CA;L9C;Hamilton (Southam / Bonnington / Yeoville / Kernighan / Gourley / Rolston / Buchanan / Mohawk / Westcliffe / Gilbert / Gilkson / Gurnett / Fessenden / Mountview);Ontario;43.2313;-79.9049
CA;K0L;Peterborough County and North Hastings County (Lakefield);Ontario;44.7767;-77.9687
CA;K0J;Renfrew County and Lanark Highlands Township (Deep River);Ontario;45.6606;-77.5886
CA;M3K;Downsview East (CFB Toronto);Ontario;43.739;-79.4692
CA;M4E;East Toronto (The Beaches);Ontario;43.6784;-79.2941
CA;M4J;East Toronto (The Danforth East);Ontario;43.6872;-79.3368
CA;M4K;East Toronto (The Danforth West / Riverdale);Ontario;43.6803;-79.3538
CA;M4L;East Toronto (India Bazaar / The Beaches West);Ontario;43.6693;-79.3155
CA;M4M;East Toronto (Studio District);Ontario;43.6561;-79.3406
CA;M4N;Central Toronto (Lawrence Park East);Ontario;43.7301;-79.3935
CA;M4P;Central Toronto (Davisville North);Ontario;43.7135;-79.3887
CA;M4R;Central Toronto (North Toronto West);Ontario;43.7143;-79.4065
CA;M4S;Central Toronto (Davisville);Ontario;43.702;-79.3853
CA;M4T;Central Toronto (Moore Park / Summerhill East);Ontario;43.6899;-79.3853
CA;M4V;Central Toronto (Summerhill West / Rathnelly / South Hill / Forest Hill SE / Deer Park);Ontario;43.6861;-79.4025
CA;M4W;Downtown Toronto (Rosedale);Ontario;43.6827;-79.373
CA;M4X;Downtown Toronto (St. James Town / Cabbagetown);Ontario;43.6684;-79.3689
CA;M4Y;Downtown Toronto (Church and Wellesley);Ontario;43.6656;-79.383
CA;M5A;Downtown Toronto (Regent Park / Port of Toronto);Ontario;43.6555;-79.3626
CA;M5B;Downtown Toronto (Ryerson);Ontario;43.6572;-79.3783
CA;M5C;Downtown Toronto (St. James Park);Ontario;43.6513;-79.3756
CA;M5E;Downtown Toronto (Berczy Park);Ontario;43.6456;-79.3754
CA;M5G;Downtown Toronto (Central Bay Street);Ontario;43.6564;-79.386
CA;M5H;Downtown Toronto (Richmond / Adelaide / King);Ontario;43.6496;-79.3833
CA;M5J;Downtown Toronto (Harbourfront East / Union Station / Toronto Island);Ontario;43.623;-79.3936
CA;M5K;Downtown Toronto (Toronto Dominion Centre / Design Exchange);Ontario;43.6469;-79.3823
CA;M5L;Downtown Toronto (Commerce Court / Victoria Hotel);Ontario;43.6492;-79.3823
CA;M5N;Central Toronto (Roselawn);Ontario;43.7113;-79.4195
CA;M5P;Central Toronto (Forest Hill North & West);Ontario;43.6966;-79.412
CA;M5R;Central Toronto (The Annex / North Midtown / Yorkville);Ontario;43.6736;-79.4035
CA;M5S;Downtown Toronto (University of Toronto / Harbord);Ontario;43.6629;-79.3987
CA;M5T;Downtown Toronto (Kensington Market / Chinatown / Grange Park);Ontario;43.6541;-79.3978
CA;M5V;Downtown Toronto (CN Tower / King and Spadina / Railway Lands / Harbourfront West / Bathurst Quay / South Niagara / YTZ);Ontario;43.6404;-79.3995
CA;M5W;Downtown Toronto Stn A PO Boxes 25 The Esplanade (Enclave of M5E);Ontario;43.6437;-79.3787
CA;M5X;Downtown Toronto (Underground city);Ontario;43.6492;-79.3823
CA;M6G;Downtown Toronto (Christie);Ontario;43.6683;-79.4205
CA;M6H;West Toronto (Dufferin / Dovercourt Village);Ontario;43.6655;-79.4378
CA;M6J;West Toronto (Rua A?¿ores / Trinity);Ontario;43.648;-79.4177
CA;M6K;West Toronto (Brockton / Parkdale Village / Exhibition Place);Ontario;43.6383;-79.4301
CA;M6P;West Toronto (High Park / The Junction South);Ontario;43.6605;-79.4633
CA;M6R;West Toronto (Parkdale / Roncesvalles Village);Ontario;43.6469;-79.4521
CA;M6S;West Toronto (Bloor West Village / Swansea);Ontario;43.6512;-79.4828
CA;M7Y;East Toronto Business Reply Mail Processing Centre 969 Eastern (Enclave of M4L);Ontario;43.7804;-79.2505
CA;M8V;Etobicoke (New Toronto / Mimico South / Humber Bay Shores);Ontario;43.6075;-79.5013
CA;K1A;Government of Canada Ottawa and Gatineau offices;Ontario;45.4207;-75.7023
CA;K1G;Ottawa (Riverview / Hawthorne);Ontario;45.3548;-75.5773
CA;K1H;Ottawa (Alta Vista);Ontario;45.3876;-75.6593
CA;K1K;Ottawa (Overbrook);Ontario;45.4448;-75.6431
CA;K1L;Ottawa (Vanier);Ontario;45.44;-75.663
CA;K1M;Ottawa (Rockcliffe Park / New Edinburgh);Ontario;45.4491;-75.6818
CA;K1N;Ottawa (Lower Town / Sandy Hill / University of Ottawa);Ontario;45.4289;-75.6844
CA;K1P;Ottawa (Parliament Hill);Ontario;45.4225;-75.7026
CA;K1R;Ottawa (West Downtown area);Ontario;45.4123;-75.7108
CA;K1S;Ottawa (The Glebe / Ottawa South / Ottawa East);Ontario;45.399;-75.6871
CA;K1V;Ottawa (Riverside Park / Hunt Club West / Riverside South / YOW);Ontario;45.3281;-75.6719
CA;K1Y;Ottawa West;Ontario;45.4023;-75.7329
CA;K1Z;Ottawa (Westboro);Ontario;45.3867;-75.7405
CA;K2A;Ottawa (Highland Park / Carlingwood);Ontario;45.3805;-75.7636
CA;K2B;Ottawa (Britannia / Pinecrest);Ontario;45.3645;-75.7934
CA;K2C;Ottawa (Queensway / Copeland / Carlington / Carleton Heights);Ontario;45.3679;-75.7381
CA;K2P;Ottawa (Centre Town);Ontario;45.4166;-75.6904
CA;K0A;National Capital Region (Almonte);Ontario;45.2557;-76.2754
CA;K0B;Prescott and Russell United Counties (Alfred);Ontario;45.5029;-74.7479
CA;K0C;Stormont/ Dundas and Glengarry United Counties (Alexandria);Ontario;45.1686;-74.8966
CA;K0E;South Leeds and Grenville United Counties (Prescott);Ontario;44.8734;-75.4416
CA;K0G;Rideau Lakes area (Kemptville);Ontario;45.0466;-76.4757
CA;K0K;Quinte Shores/ East Northumberland County & Prince Edward County (Picton);Ontario;44.3261;-77.4318
CA;K0M;Kawartha lakes and Haliburton County (Bobcaygeon);Ontario;44.8645;-78.6553
CA;K1B;Gloucester (Blackburn Hamlet / Pine View);Ontario;45.4284;-75.5875
CA;K1C;Gloucester (West Orleans);Ontario;45.4677;-75.5399
CA;K1E;Orleans (Queenswood);Ontario;45.4771;-75.5046
CA;K1J;Gloucester (Beacon Hill / Cyrville);Ontario;45.4519;-75.6036
CA;K1T;Gloucester (Blossom Park / Hunt Club East / Leitrim);Ontario;45.3295;-75.6156
CA;K1W;Gloucester (South Orleans);Ontario;45.4365;-75.5158
CA;K1X;Gloucester South;Ontario;45.2756;-75.6283
CA;K2E;Nepean East;Ontario;45.3438;-75.7157
CA;K2G;Nepean (Davidson Heights);Ontario;45.3211;-75.7391
CA;K2H;Nepean (Bells Corners);Ontario;45.3433;-75.8265
CA;K2J;Nepean (Barrhaven);Ontario;45.2691;-75.7518
CA;K2K;Kanata (Beaverbrook / South March);Ontario;45.3704;-75.9198
CA;K2L;Kanata (Katimavik-Hazeldean / Glen Cairn);Ontario;45.3001;-75.9244
CA;K2M;Kanata (Bridlewood);Ontario;45.2861;-75.8562
CA;K2R;Nepean (Fallowfield Village / Cedarhill Estates / Orchard Estates);Ontario;45.2899;-75.8126
CA;K2S;Stittsville;Ontario;45.2501;-75.9161
CA;K2T;Kanata (Marchwood);Ontario;45.317;-75.9367
CA;K2V;Kanata (Terry Fox / Palladium);Ontario;45.2854;-75.8928
CA;K2W;Kanata (North March);Ontario;45.3699;-75.9887
CA;K4A;Orleans (Fallingbrook);Ontario;45.4697;-75.4715
CA;K4B;Cumberland Township;Ontario;45.4101;-75.3638
CA;K4C;Cumberland;Ontario;45.498;-75.3916
CA;K4K;Rockland;Ontario;45.5501;-75.291
CA;K4M;Manotick;Ontario;45.2154;-75.6528
CA;K4P;Greely;Ontario;45.2434;-75.5674
CA;K4R;Russell;Ontario;45.2388;-75.3527
CA;K6A;Hawkesbury;Ontario;45.6001;-74.616
CA;K6H;Cornwall East;Ontario;45.0565;-74.6852
CA;K6J;Cornwall West;Ontario;45.0223;-74.7569
CA;K6K;Cornwall North;Ontario;45.061;-74.7774
CA;K6T;Elizabethtown;Ontario;44.6301;-75.7448
CA;K6V;Brockville;Ontario;44.6573;-75.7146
CA;K7A;Smiths Falls;Ontario;44.9001;-76.0161
CA;K7C;Carleton Place;Ontario;45.1334;-76.1494
CA;K7G;Gananoque;Ontario;44.3334;-76.1661
CA;K7H;Perth;Ontario;44.9001;-76.2494
CA;K7K;Kingston (SW Pittsburgh Township);Ontario;44.2569;-76.4717
CA;K7L;Kingston (Downtown);Ontario;44.2955;-76.428
CA;K7M;Kingston (Reddendale / Cataraqui / Collins Bay);Ontario;44.2411;-76.5788
CA;K7N;Amherstview;Ontario;44.2224;-76.65
CA;K7P;Kingston (Westbrook / Cataraqui Woods / Cedarwood);Ontario;44.2814;-76.6111
CA;K7R;Napanee;Ontario;44.2501;-76.9494
CA;K7S;Arnprior;Ontario;45.4334;-76.3494
CA;K7V;Renfrew;Ontario;45.4668;-76.6827
CA;K8A;Pembroke Central and northern subdivisions;Ontario;45.7466;-77.2047
CA;K8B;Pembroke (Pleasant View / Fairview);Ontario;45.808;-77.0806
CA;K8H;Petawawa;Ontario;45.8945;-77.2801
CA;K8N;Belleville East;Ontario;44.1735;-77.3684
CA;K8P;Belleville West;Ontario;44.1665;-77.4037
CA;K8R;Belleville (SE Sidney Township / Avondale);Ontario;44.1399;-77.4683
CA;K8V;Trenton;Ontario;44.0992;-77.5776
CA;K9A;Cobourg;Ontario;43.9598;-78.1651
CA;K9H;Peterborough North;Ontario;44.3245;-78.3184
CA;K9J;Peterborough South;Ontario;44.3104;-78.2396
CA;K9K;Peterborough (Fairbairn Meadows / Jackson Heights);Ontario;44.3138;-78.3606
CA;K9L;Peterborough (Terra View Heights / Woodland Acres / Donwood);Ontario;44.3552;-78.3199
CA;K9V;Lindsay;Ontario;44.3501;-78.7329
CA;L0A;West Northumberland County (Millbrook);Ontario;44.1263;-78.5193
CA;L0B;East Durham Regional Municipality (Orono);Ontario;44.0773;-78.7465
CA;L0C;West Durham Regional Municipality (Sunderland);Ontario;44.2094;-79.0725
CA;L0E;Lake Simcoe Southeast Shore (Sutton West);Ontario;44.3199;-79.2778
CA;L0G;Ontario Centre (Queensville);Ontario;44.0586;-79.6235
CA;L0H;Whitby Region (Gormley);Ontario;43.9023;-79.1554
CA;L0J;North Peel Regional Municipality (Kleinburg);Ontario;43.8566;-79.6485
CA;L0K;Lake Simcoe North Shore (Coldwater);Ontario;44.6233;-79.1235
CA;L0L;Lake Simcoe West Shore (Oro);Ontario;44.4548;-79.7352
CA;L0M;Georgian Bay South Shore (Angus);Ontario;44.3269;-80.0333
CA;L0R;East Haldimand County (Waterdown);Ontario;43.1607;-79.7463
CA;L0S;Niagara Regional Municipality (Fonthill);Ontario;42.9071;-79.0832
CA;L0V;Westminster Abbey;Ontario;45.4689;-75.0079
CA;L1A;Port Hope;Ontario;44.0168;-78.3995
CA;L1B;Bowmanville East;Ontario;43.9235;-78.5457
CA;L1C;Bowmanville West;Ontario;43.9714;-78.7095
CA;L1E;Courtice;Ontario;43.8969;-78.7683
CA;L1G;Oshawa Central;Ontario;43.9233;-78.8684
CA;L1H;Oshawa Southeast;Ontario;43.9721;-78.8837
CA;L1J;Oshawa Southwest;Ontario;43.8852;-78.8771
CA;L1K;Oshawa East;Ontario;43.9251;-78.8287
CA;L1L;Oshawa North;Ontario;43.9581;-78.8972
CA;L1M;Whitby North;Ontario;43.9566;-78.9779
CA;L1N;Whitby Southeast;Ontario;43.8721;-78.9273
CA;L1P;Whitby Southwest;Ontario;43.8866;-78.975
CA;L1R;Whitby Central;Ontario;43.9215;-78.9412
CA;L1S;Ajax Southwest;Ontario;43.8404;-79.0251
CA;L1T;Ajax Northwest;Ontario;43.8843;-79.0534
CA;L1V;Pickering Southwest;Ontario;43.8605;-79.1618
CA;L1W;Pickering South;Ontario;43.8197;-79.0803
CA;L1X;Pickering Central;Ontario;43.8558;-79.0972
CA;L1Y;Pickering North;Ontario;43.9555;-79.1194
CA;L1Z;Ajax East;Ontario;43.8773;-79.0055
CA;L2A;Fort Erie;Ontario;42.9001;-78.9329
CA;L2E;Niagara Falls Central;Ontario;43.0537;-79.1018
CA;L2G;Niagara Falls Southeast;Ontario;43.0696;-79.0818
CA;L2H;Niagara Falls West;Ontario;43.1009;-79.1379
CA;L2J;Niagara Falls North;Ontario;43.1296;-79.1034
CA;L2M;St. Catharines Northeast;Ontario;43.196;-79.2161
CA;L2N;St. Catharines Northwest;Ontario;43.1923;-79.2559
CA;L2P;St. Catharines East;Ontario;43.1527;-79.2091
CA;L2R;St. Catharines Central;Ontario;43.1419;-79.2966
CA;L2S;St. Catharines Southwest;Ontario;43.1447;-79.2634
CA;L2T;St. Catharines South;Ontario;43.1313;-79.2317
CA;L2V;St. Catharines Southeast;Ontario;43.1142;-79.2035
CA;L2W;St. Catharines West;Ontario;43.1688;-79.2794
CA;L3B;Welland East;Ontario;42.9878;-79.2219
CA;L3C;Welland West;Ontario;42.9998;-79.2656
CA;L3K;Port Colborne;Ontario;42.9001;-79.2329
CA;L3M;Grimsby;Ontario;43.2001;-79.5663
CA;L3P;Markham Central;Ontario;43.8769;-79.2686
CA;L3R;Markham Outer Southwest;Ontario;43.8479;-79.3288
CA;L3S;Markham Southeast;Ontario;43.8486;-79.2617
CA;L3T;Thornhill East;Ontario;43.8227;-79.3946
CA;L3V;Orillia;Ontario;44.6087;-79.4207
CA;L3X;Newmarket Southwest;Ontario;44.0433;-79.4912
CA;L3Y;Newmarket Northeast;Ontario;44.0565;-79.4555
CA;L3Z;Bradford;Ontario;44.1168;-79.5663
CA;L4A;Stouffville;Ontario;43.9668;-79.2496
CA;L4B;Richmond Hill Southeast;Ontario;43.8582;-79.3985
CA;L4C;Richmond Hill Southwest;Ontario;43.8669;-79.4414
CA;L4E;Richmond Hill North;Ontario;43.9394;-79.4349
CA;L4G;Aurora;Ontario;44.0001;-79.4663
CA;L4H;Woodbridge North;Ontario;43.8432;-79.5644
CA;L4J;Thornhill West;Ontario;43.8156;-79.4534
CA;L4K;Concord;Ontario;43.8001;-79.4829
CA;L4L;Woodbridge South;Ontario;43.8064;-79.5995
CA;L4M;Barrie North;Ontario;44.4001;-79.6663
CA;L4N;Barrie South;Ontario;44.3572;-79.6929
CA;L4P;Keswick;Ontario;44.2501;-79.4663
CA;L4R;Midland;Ontario;44.7501;-79.883
CA;L4S;Richmond Hill Central;Ontario;43.8985;-79.4143
CA;L4T;Mississauga (Malton);Ontario;43.7139;-79.6434
CA;L4V;Mississauga (Wildwood);Ontario;43.6935;-79.6069
CA;L4W;Mississauga (Matheson / East Rathwood);Ontario;43.6413;-79.6296
CA;L4X;Mississauga (East Applewood / East Dixie / NE Lakeview);Ontario;43.6178;-79.5786
CA;L4Y;Mississauga (West Applewood / West Dixie / NW Lakeview);Ontario;43.6028;-79.5929
CA;L4Z;Mississauga (West Rathwood / East Hurontario / SE Gateway);Ontario;43.6192;-79.6538
CA;L5A;Mississauga (Mississauga Valleys / East Cooksville);Ontario;43.5883;-79.6091
CA;L5B;Mississauga (West Cooksville / Fairview / City Centre / East Creditview);Ontario;43.5771;-79.6306
CA;L5C;Mississauga (West Creditview / Mavis / Erindale);Ontario;43.5624;-79.6504
CA;L5E;Mississauga (Central Lakeview);Ontario;43.5836;-79.561
CA;L5G;Mississauga (SW Lakeview / Mineola / East Port Credit);Ontario;43.5647;-79.5852
CA;L5H;Mississauga (West Port Credit / Lorne Park / East Sheridan);Ontario;43.5419;-79.6164
CA;L5J;Mississauga (Clarkson / Southdown);Ontario;43.5102;-79.6296
CA;L5K;Mississauga (West Sheridan);Ontario;43.5272;-79.6617
CA;L5L;Mississauga (Erin Mills / Western Business Park);Ontario;43.5373;-79.6903
CA;L5M;Mississauga (Churchill Meadows / Central Erin Mills / South Streetsville);Ontario;43.5637;-79.7202
CA;L5N;Mississauga (Lisgar / Meadowvale);Ontario;43.5924;-79.7611
CA;L5P;Mississauga (YYZ);Ontario;43.6904;-79.6238
CA;L5R;Mississauga (West Hurontario / SW Gateway);Ontario;43.606;-79.6708
CA;L5S;Mississauga (Cardiff / NE Gateway);Ontario;43.6801;-79.6783
CA;L5T;Mississauga (Courtney Park / East Gateway);Ontario;43.6683;-79.6182
CA;L5V;Mississauga (East Credit);Ontario;43.5972;-79.6931
CA;L5W;Mississauga (Meadowvale Village / West Gateway);Ontario;43.6313;-79.7148
CA;L6A;Maple;Ontario;43.8501;-79.5163
CA;L6B;Markham East;Ontario;43.9007;-79.2175
CA;L6C;Markham Northwest;Ontario;43.9045;-79.3392
CA;L6E;Markham Northeast;Ontario;43.9002;-79.2676
CA;L6G;Markham Inner Southwest;Ontario;43.8485;-79.3346
CA;L6H;Oakville North;Ontario;43.4881;-79.7098
CA;L6J;Oakville Northeast;Ontario;43.4757;-79.6591
CA;L6K;Oakville East;Ontario;43.4396;-79.6878
CA;L6L;Oakville South;Ontario;43.4032;-79.7186
CA;L6M;Oakville West;Ontario;43.4464;-79.7593
CA;L6P;Brampton North;Ontario;43.7942;-79.7021
CA;L6R;Brampton Northwest;Ontario;43.7592;-79.7605
CA;L6S;Brampton North Central;Ontario;43.7379;-79.726
CA;L6T;Brampton East;Ontario;43.7196;-79.6854
CA;L6V;Brampton Central;Ontario;43.7059;-79.7626
CA;L6W;Brampton Southeast;Ontario;43.68;-79.7273
CA;L6X;Brampton Southwest;Ontario;43.6665;-79.8054
CA;L6Y;Brampton South;Ontario;43.6249;-79.7876
CA;L6Z;Brampton West Central;Ontario;43.7328;-79.7953
CA;L7A;Brampton West;Ontario;43.6909;-79.8377
CA;L7B;King City;Ontario;43.9286;-79.5269
CA;L7C;Caledon;Ontario;43.8753;-79.8558
CA;L7E;Bolton;Ontario;43.8795;-79.7379
CA;L7G;Georgetown;Ontario;43.6501;-79.9163
CA;L7J;Acton;Ontario;43.6297;-80.0415
CA;L7K;Caledon Village;Ontario;43.8602;-79.996
CA;L7L;Burlington Northeast;Ontario;43.3799;-79.7668
CA;L7M;Burlington North;Ontario;43.4342;-79.8701
CA;L7N;Burlington East;Ontario;43.3512;-79.784
CA;L7P;Burlington West;Ontario;43.3806;-79.886
CA;L7R;Burlington Southeast;Ontario;43.375;-79.8434
CA;L7S;Burlington South;Ontario;43.323;-79.8092
CA;L7T;Burlington Southwest;Ontario;43.3081;-79.8507
CA;L8B;Waterdown;Ontario;43.3334;-79.8829
CA;L9G;Ancaster West;Ontario;43.1836;-79.9902
CA;L9H;Dundas;Ontario;43.2638;-79.9524
CA;L9J;Barrie;Ontario;44.3186;-79.6761
CA;L9K;Ancaster East;Ontario;43.225;-79.9427
CA;L9L;Port Perry;Ontario;44.1068;-78.9444
CA;L9M;Penetanguishene;Ontario;44.7834;-79.9164
CA;L9N;Holland Landing;Ontario;44.1149;-79.5014
CA;L9P;Uxbridge;Ontario;44.1001;-79.1163
CA;L9R;Alliston;Ontario;44.1501;-79.8663
CA;L9S;Innisfil;Ontario;44.3001;-79.6496
CA;L9T;Milton;Ontario;43.5148;-79.884
CA;L9V;Orangeville North;Ontario;43.9597;-80.1079
CA;L9W;Orangeville South;Ontario;43.9702;-80.016
CA;L9X;Minesing;Ontario;44.4334;-79.833
CA;L9X;Barrie;Ontario;44.4001;-79.6663
CA;L9X;Midhurst;Ontario;44.4438;-79.7318
CA;L9X;Springwater;Ontario;44.4954;-79.8503
CA;L9Y;Collingwood;Ontario;44.4834;-80.2164
CA;L9Z;Wasaga Beach;Ontario;44.5168;-80.0164
CA;M1B;Scarborough (Malvern / Rouge River);Ontario;43.8113;-79.193
CA;M1C;Scarborough (Rouge Hill / Port Union / Highland Creek);Ontario;43.7878;-79.1564
CA;M1E;Scarborough (Guildwood / Morningside / Ellesmere);Ontario;43.7678;-79.1866
CA;M1G;Scarborough (Woburn);Ontario;43.7712;-79.2144
CA;M1H;Scarborough (Cedarbrae);Ontario;43.7686;-79.2389
CA;M1J;Scarborough (Eglinton);Ontario;43.7464;-79.2323
CA;M1K;Scarborough (Kennedy Park / Ionview / East Birchmount Park);Ontario;43.7298;-79.2639
CA;M1L;Scarborough (The Golden Mile / Clairlea / Oakridge / Birchmount Park East);Ontario;43.7122;-79.2843
CA;M1M;Scarborough (Cliffside / Cliffcrest / Scarborough Village West);Ontario;43.7247;-79.2312
CA;M1N;Scarborough (Birch Cliff / Cliffside West);Ontario;43.6952;-79.2646
CA;M1P;Scarborough (Dorset Park / Wexford Heights / Scarborough Town Centre);Ontario;43.7612;-79.2707
CA;M1R;Scarborough (Wexford / Maryvale);Ontario;43.7507;-79.3003
CA;M1S;Scarborough (Agincourt);Ontario;43.7946;-79.2644
CA;M1T;Scarborough (Clarks Corners / Tam O'Shanter / Sullivan);Ontario;43.7812;-79.3036
CA;M1V;Scarborough (Milliken / Agincourt North / Steeles East / L'Amoreaux East);Ontario;43.8177;-79.2819
CA;M1W;Scarborough (Steeles West / L'Amoreaux West);Ontario;43.8016;-79.3216
CA;M1X;Scarborough (Upper Rouge);Ontario;43.834;-79.2069
CA;M2H;North York (Hillcrest Village);Ontario;43.8015;-79.3577
CA;M2J;North York (Fairview / Henry Farm / Oriole);Ontario;43.7801;-79.3479
CA;M2K;North York (Bayview Village);Ontario;43.7797;-79.3813
CA;M2L;North York (York Mills / Silver Hills);Ontario;43.7547;-79.3764
CA;M2M;Willowdale East (Newtonbrook);Ontario;43.7915;-79.4103
CA;M2N;Willowdale South;Ontario;43.7673;-79.4111
CA;M2P;North York (York Mills West);Ontario;43.75;-79.3978
CA;M2R;Willowdale West;Ontario;43.7786;-79.445
CA;M3A;North York (York Heights / Victoria Village / Parkway East);Ontario;43.7545;-79.33
CA;M3B;Don Mills North;Ontario;43.745;-79.359
CA;M3C;Don Mills South (Flemingdon Park);Ontario;43.7334;-79.3329
CA;M3H;North York (Armour Heights / Wilson Heights / Downsview North);Ontario;43.7535;-79.4472
CA;M3J;North York (Northwood Park / York University);Ontario;43.7694;-79.4921
CA;M3L;Downsview West;Ontario;43.7334;-79.5116
CA;M3M;Downsview Central;Ontario;43.7319;-79.4928
CA;M3N;North York (Jane and Finch);Ontario;43.7568;-79.521
CA;M4A;North York (Sweeney Park / Wigmore Park);Ontario;43.7276;-79.3148
CA;M4B;East York (Parkview Hill / Woodbine Gardens);Ontario;43.7063;-79.3094
CA;M4C;East York (Woodbine Heights);Ontario;43.6913;-79.3116
CA;M4G;East York (Leaside);Ontario;43.7124;-79.3644
CA;M4H;East York (Thorncliffe Park);Ontario;43.7059;-79.3464
CA;M5M;North York (Bedford Park / Lawrence Park West / Lawrence Manor East);Ontario;43.7335;-79.4177
CA;M6A;North York (Lawrence Manor / Lawrence Heights);Ontario;43.7223;-79.4504
CA;M6B;North York (Glencairn);Ontario;43.7081;-79.4479
CA;M6C;York (Cedarvale);Ontario;43.6915;-79.4307
CA;M6E;York (Fairbank / Oakwood);Ontario;43.6889;-79.4507
CA;M6L;North York (North Park / Maple Leaf Park / Upwood Park);Ontario;43.7137;-79.4869
CA;M6M;York (Del Ray / Keelsdale / Mount Dennis / Silverthorne);Ontario;43.6934;-79.4857
CA;M6N;York (Runnymede / The Junction North);Ontario;43.6748;-79.4839
CA;M7A;Queen's Park Ontario Provincial Government;Ontario;43.6641;-79.3889
CA;M8W;Etobicoke (Alderwood / Long Branch);Ontario;43.6021;-79.5402
CA;M8X;Etobicoke (The Kingsway / Montgomery Road / Old Mill North);Ontario;43.6518;-79.5076
CA;M8Y;Etobicoke (Old Mill South / King's Mill Park / Sunnylea / Humber Bay / Mimico NE / The Queensway East / Royal York South East / Kingsway Park South East);Ontario;43.6325;-79.4939
CA;M8Z;Etobicoke (Mimico NW / The Queensway West / South of Bloor / Kingsway Park South West / Royal York South West);Ontario;43.6256;-79.5231
CA;M9A;Etobicoke (Islington Avenue);Ontario;43.6662;-79.5282
CA;M9B;Etobicoke (West Deane Park / Princess Gardens / Martin Grove / Islington / Cloverdale);Ontario;43.6505;-79.5517
CA;M9C;Etobicoke (Eringate / Bloordale Gardens / Old Burnhamthorpe / Markland Woods);Ontario;43.6437;-79.5767
CA;M9L;North York (Humber Summit);Ontario;43.7598;-79.5565
CA;M9M;North York (Humberlea / Emery);Ontario;43.7366;-79.5401
CA;M9N;Weston;Ontario;43.7068;-79.517
CA;M9P;Etobicoke (Westmount);Ontario;43.6949;-79.5323
CA;M9R;Etobicoke (Kingsview Village / St. Phillips / Martin Grove Gardens / Richview Gardens);Ontario;43.6898;-79.5582
CA;M9V;Etobicoke (South Steeles / Silverstone / Humbergate / Jamestown / Mount Olive / Beaumond Heights / Thistletown / Albion Gardens);Ontario;43.7432;-79.5876
CA;M9W;Etobicoke Northwest (Clairville / Humberwood / Woodbine Downs / West Humber / Kipling Heights / Rexdale / Elms / Tandridge / Old Rexdale);Ontario;43.7144;-79.5909
CA;N0A;West Haldimand (Port Dover);Ontario;42.9403;-79.945
CA;N0B;Wellington (Elora);Ontario;43.5569;-80.4414
CA;N0C;Georgian Bay Southwest Shore (Dundalk);Ontario;44.2561;-80.5029
CA;N0E;Brant and Norfolk (Waterford);Ontario;42.6618;-80.5572
CA;N0G;Huron (Wingham);Ontario;44.0024;-81.0676
CA;N0H;Bruce Peninsula (Wiarton);Ontario;44.6941;-81.0962
CA;N0J;Oxford (Norwich);Ontario;42.9775;-80.7057
CA;N0K;Perth (Mitchell);Ontario;43.5067;-81.1582
CA;N0L;Elgin (Dorchester);Ontario;42.7557;-81.4533
CA;N0M;Middlesex (Clinton);Ontario;43.2788;-81.5442
CA;N0N;Lambton (Forest);Ontario;42.9062;-82.11
CA;N0P;Kent (Blenheim);Ontario;42.4045;-81.9107
CA;N0R;Essex (Belle River);Ontario;42.1783;-82.7715
CA;N1A;Dunnville;Ontario;42.9001;-79.6163
CA;N1C;Guelph South;Ontario;43.4921;-80.2267
CA;N1E;Guelph North;Ontario;43.5677;-80.2418
CA;N1G;Guelph Central;Ontario;43.5184;-80.2257
CA;N1H;Guelph Northwest;Ontario;43.5588;-80.3004
CA;N1K;Guelph West;Ontario;43.526;-80.3051
CA;N1L;Guelph East;Ontario;43.516;-80.19
CA;N1M;Fergus;Ontario;43.7001;-80.3664
CA;N1P;Cambridge South;Ontario;43.3398;-80.2955
CA;N1R;Cambridge Central;Ontario;43.3666;-80.2239
CA;N1S;Cambridge Southwest;Ontario;43.3592;-80.3347
CA;N1T;Cambridge East;Ontario;43.3849;-80.2833
CA;N2A;Kitchener East;Ontario;43.4413;-80.4246
CA;N2B;Kitchener Northeast;Ontario;43.4646;-80.4467
CA;N2C;Kitchener South Central;Ontario;43.4182;-80.4451
CA;N2E;Kitchener Southwest;Ontario;43.4106;-80.5011
CA;N2G;Kitchener Central;Ontario;43.4443;-80.4891
CA;N2H;Kitchener North Central;Ontario;43.4581;-80.4818
CA;N2J;Waterloo Southeast;Ontario;43.504;-80.5366
CA;N2K;Kitchener North;Ontario;43.4961;-80.4936
CA;N2L;Waterloo South;Ontario;43.4715;-80.5454
CA;N2M;Kitchener Northwest;Ontario;43.4363;-80.5093
CA;N2N;Kitchener West;Ontario;43.426;-80.5438
CA;N2P;Kitchener Southeast;Ontario;43.3878;-80.4296
CA;N2R;Kitchener South;Ontario;43.3849;-80.487
CA;N2T;Waterloo Southwest;Ontario;43.453;-80.5692
CA;N2V;Waterloo Northwest;Ontario;43.4764;-80.5842
CA;N2Z;Kincardine;Ontario;44.1664;-81.601
CA;N3A;Baden;Ontario;43.4001;-80.6497
CA;N3B;Elmira;Ontario;43.6001;-80.5497
CA;N3C;Cambridge Northeast;Ontario;43.4389;-80.2649
CA;N3E;Cambridge Northwest;Ontario;43.4193;-80.3505
CA;N3H;Cambridge West;Ontario;43.4267;-80.3699
CA;N3L;Paris;Ontario;43.2;-80.3833
CA;N3W;Caledonia;Ontario;43.0668;-79.9329
CA;N3Y;Simcoe;Ontario;42.8334;-80.2997
CA;N4B;Delhi;Ontario;42.8501;-80.4997
CA;N4G;Tillsonburg;Ontario;42.8599;-80.7262
CA;N4K;Owen Sound;Ontario;44.5672;-80.9435
CA;N4L;Meaford;Ontario;44.6001;-80.583
CA;N4N;Hanover;Ontario;44.1501;-81.033
CA;N4S;Woodstock Central;Ontario;43.1432;-80.7338
CA;N4T;Woodstock North;Ontario;43.1485;-80.7319
CA;N4V;Woodstock South;Ontario;43.115;-80.743
CA;N4W;Listowel;Ontario;43.7334;-80.9497
CA;N4X;St. Mary's;Ontario;43.2655;-81.1687
CA;N4Z;Stratford South;Ontario;43.3634;-81.0069
CA;N5A;Stratford North;Ontario;43.3668;-80.9497
CA;N5C;Ingersoll;Ontario;43.0334;-80.883
CA;N5H;Aylmer;Ontario;42.7668;-80.983
CA;N5L;Port Stanley;Ontario;42.6668;-81.2164
CA;N5P;St. Thomas North;Ontario;42.7779;-81.1769
CA;N5R;St. Thomas South;Ontario;42.7597;-81.1762
CA;N5V;London (YXU / North and East Argyle / East Huron Heights);Ontario;43.0233;-81.1643
CA;N5W;London East (SW Argyle / Hamilton Road);Ontario;42.9856;-81.1821
CA;N5X;London (Fanshawe / Stoneybrook / Stoney Creek / Uplands / East Masonville);Ontario;43.0443;-81.2391
CA;N5Y;London (West Huron Heights / Carling);Ontario;43.0123;-81.2307
CA;N5Z;London (Glen Cairn);Ontario;42.966;-81.2053
CA;N6A;London North (UWO);Ontario;42.9976;-81.2563
CA;N6B;London Central;Ontario;42.9835;-81.2386
CA;N6C;London South (East Highland / North White Oaks / North Westminster);Ontario;42.9582;-81.238
CA;N6E;London (South White Oaks / Central Westminster / East Longwoods / West Brockley);Ontario;42.9185;-81.2244
CA;N6G;London (Sunningdale / West Masonville / Medway / NE Hyde Park / East Fox Hollow);Ontario;43.0147;-81.3049
CA;N6H;London West (Central Hyde Park / Oakridge);Ontario;42.9915;-81.3402
CA;N6J;London (Southcrest / East Westmount / West Highland);Ontario;42.9546;-81.2735
CA;N6K;London (Riverbend / Woodhull / North Sharon Creek / Byron / West Westmount);Ontario;42.9536;-81.3418
CA;N6L;London (East Tempo);Ontario;42.8719;-81.2472
CA;N6M;London (Jackson / Old Victoria / Bradley / North Highbury);Ontario;42.9632;-81.1392
CA;N6N;London (South Highbury / Glanworth / East Brockley / SE Westminster);Ontario;42.8997;-81.1592
CA;N6P;London (Talbot / Lambeth / West Tempo / South Sharon Creek);Ontario;42.8909;-81.3236
CA;N7A;Goderich;Ontario;43.7501;-81.7165
CA;N7G;Strathroy;Ontario;42.9551;-81.6223
CA;N7L;Chatham Northwest;Ontario;42.4209;-82.1993
CA;N7M;Chatham Southeast;Ontario;42.4238;-82.1183
CA;N7S;Sarnia Central;Ontario;42.9888;-82.3592
CA;N7T;Sarnia Southwest;Ontario;42.9578;-82.2777
CA;N7V;Sarnia Northwest;Ontario;42.9998;-82.3926
CA;N7W;Sarnia Southeast;Ontario;42.9644;-82.3259
CA;N7X;Sarnia Northeast;Ontario;43.0214;-82.3212
CA;N8A;Wallaceburg;Ontario;42.593;-82.3885
CA;N8H;Leamington;Ontario;42.0549;-82.6062
CA;N8M;Essex;Ontario;42.1751;-82.8248
CA;N8N;Tecumseh Outskirts;Ontario;42.2946;-82.8667
CA;N8P;Windsor (East Riverside);Ontario;42.3276;-82.9104
CA;N8R;Windsor (East Forest Glade);Ontario;42.3067;-82.915
CA;N8S;Windsor (Riverside);Ontario;42.3283;-82.9472
CA;N8T;Windsor (West Forest Glade / East Fontainbleu);Ontario;42.3037;-82.9459
CA;N8V;Tecumseh (YQG);Ontario;42.2773;-82.9447
CA;N8W;Windsor (South Walkerville / West Fontainbleu / Walker Farm / Devonshire);Ontario;42.2836;-82.9771
CA;N8X;Windsor South Central (West Walkerville / Remington Park);Ontario;42.2926;-83.0186
CA;N8Y;Windsor East (East Walkerville);Ontario;42.3176;-82.9929
CA;N9A;Windsor (City Centre / NW Walkerville);Ontario;42.2007;-83.0276
CA;N9B;Windsor (University / South Cameron);Ontario;42.2949;-83.052
CA;N9C;Windsor (Sandwich / Ojibway / West Malden);Ontario;42.2767;-83.0793
CA;N9E;Windsor South (East Malden);Ontario;42.2652;-83.0314
CA;N9G;Windsor (Roseland);Ontario;42.2481;-82.9952
CA;N9H;La Salle East;Ontario;42.2318;-83.0281
CA;N9J;La Salle West;Ontario;42.2187;-83.0801
CA;N9K;Tecumseh Central;Ontario;42.2978;-82.8701
CA;N9V;Amherstburg;Ontario;42.1168;-83.0498
CA;N9Y;Kingsville;Ontario;42.0502;-82.7598
CA;P0A;Nipissing Central (Burk's Falls);Ontario;45.5881;-79.3546
CA;P0B;Nipissing South (Utterson);Ontario;45.1863;-79.4115
CA;P0C;Parry Sound Mid-Shore (Bala);Ontario;45.1275;-79.786
CA;P0E;Parry Sound South Shore (Kilworthy);Ontario;44.8608;-79.5069
CA;P0G;Parry Sound North Shore (Nobel);Ontario;45.6718;-80.3688
CA;P0H;Nipissing North (Callander);Ontario;46.3109;-79.3617
CA;P0J;Timiskaming South (Temiskaming Shores);Ontario;47.5776;-80.2036
CA;P0K;Timiskaming North (Iroquois Falls A);Ontario;48.5234;-80.3081
CA;P0L;Cochrane Region (Hearst);Ontario;51.97;-83.5369
CA;P0M;Algoma/ Sudbury District and Greater Sudbury (Chelmsford);Ontario;47.6526;-82.4753
CA;P0N;Timmins Region (South Porcupine);Ontario;48.6027;-81.0115
CA;P0P;Manitoulin (Little Current);Ontario;45.7565;-82.2151
CA;P0S;Lake Superior East Shore (Wawa);Ontario;48.048;-84.6727
CA;P0T;Lake Superior North Shore (Marathon);Ontario;49.2924;-88.756
CA;P0V;Northwestern Ontario (Red Lake);Ontario;52.9648;-90.1505
CA;P0W;Rainy River Region (Emo);Ontario;48.875;-93.7522
CA;P0X;Kenora Region (Keewatin);Ontario;50.9293;-93.3095
CA;P0Y;Lake of the Woods East Shore (Ingolf);Ontario;49.7603;-95.1003
CA;P1A;North Bay South;Ontario;46.2801;-79.4502
CA;P1B;North Bay Central;Ontario;46.3364;-79.583
CA;P1C;North Bay North;Ontario;46.3397;-79.4223
CA;P1H;Huntsville;Ontario;45.3334;-79.2163
CA;P1L;Bracebridge;Ontario;45.0334;-79.3163
CA;P1P;Gravenhurst;Ontario;44.9168;-79.3663
CA;P2A;Parry Sound;Ontario;45.3501;-80.033
CA;P2B;Sturgeon Falls;Ontario;46.3668;-79.9164
CA;P2N;Kirkland Lake;Ontario;48.1446;-80.0377
CA;P3A;Greater Sudbury (New Sudbury);Ontario;46.5187;-80.934
CA;P3B;Greater Sudbury (Downtown / Minnow Lake);Ontario;46.4847;-80.9304
CA;P3C;Greater Sudbury (Gatchell / West End / Little Britain);Ontario;46.5133;-81.0225
CA;P3E;Greater Sudbury (Robinson / Lockerby);Ontario;46.2676;-80.9063
CA;P3G;Greater Sudbury (Lo-Ellen / McFarlane Lake);Ontario;46.4031;-80.9745
CA;P3L;Greater Sudbury (Garson);Ontario;46.5942;-80.85
CA;P3N;Greater Sudbury (Val Caron);Ontario;46.5845;-81.0029
CA;P3P;Greater Sudbury (Hanmer);Ontario;46.7259;-81.0166
CA;P3Y;Greater Sudbury (Lively);Ontario;46.4431;-81.127
CA;P4N;Timmins Southeast;Ontario;48.4669;-81.3331
CA;P4P;Timmins North;Ontario;48.4985;-81.3448
CA;P4R;Timmins West;Ontario;48.4702;-81.3997
CA;P5A;Elliot Lake;Ontario;46.3834;-82.6332
CA;P5E;Espanola;Ontario;46.2584;-81.7665
CA;P5N;Kapuskasing;Ontario;49.4169;-82.4331
CA;P6A;Sault Ste. Marie East;Ontario;46.5168;-84.3333
CA;P6B;Sault Ste. Marie Central;Ontario;46.5307;-84.3046
CA;P6C;Sault Ste. Marie North;Ontario;46.5353;-84.3732
CA;P7A;Thunder Bay Northeast;Ontario;48.4601;-89.2035
CA;P7B;Thunder Bay North Central;Ontario;48.9475;-89.4063
CA;P7C;Thunder Bay Central;Ontario;48.352;-89.4649
CA;P7E;Thunder Bay South Central;Ontario;48.3684;-89.284
CA;P7G;Thunder Bay North;Ontario;48.4001;-89.3168
CA;P7J;Thunder Bay South;Ontario;48.2834;-89.3668
CA;P7K;Thunder Bay West;Ontario;48.3728;-89.3484
CA;P7L;Neebing;Ontario;48.1668;-89.4168
CA;P8N;Dryden;Ontario;49.7833;-92.7503
CA;P8T;Sioux Lookout;Ontario;50.0668;-91.9836
CA;P9A;Fort Frances;Ontario;48.6393;-93.4469
CA;P9N;Kenora;Ontario;49.7573;-94.3427
CA;C0B;Prince County (Portage);Prince Edward Island;46.6023;-63.9583
CA;C0A;Kings and Queens counties (Elmira);Prince Edward Island;46.1668;-62.6487
CA;C0A;Montague;Prince Edward Island;46.1668;-62.6487
CA;C1A;Charlottetown Southeast Prince Edward Island Provincial Government;Prince Edward Island;46.2716;-63.0165
CA;C1B;Stratford;Prince Edward Island;46.2179;-63.0795
CA;C1C;Charlottetown North;Prince Edward Island;46.2645;-63.0842
CA;C1E;Charlottetown West;Prince Edward Island;46.3451;-63.2011
CA;C1N;Summerside;Prince Edward Island;46.3959;-63.7876
CA;G4W;Matane;Quebec;48.8286;-67.522
CA;G5H;Mont-Joli;Quebec;48.5839;-68.1921
CA;G5J;Amqui;Quebec;48.4638;-67.4313
CA;G5L;Rimouski Central;Quebec;48.416;-68.5979
CA;G5M;Rimouski Northeast;Quebec;48.4966;-68.458
CA;G5N;Rimouski Southwest;Quebec;48.3668;-68.4659
CA;G5R;Rivi?Êre-du-Loup;Quebec;47.8304;-69.5342
CA;G7P;Saint-Ambroise;Quebec;48.5501;-71.3158
CA;G8B;Alma Southeast;Quebec;48.5548;-71.673
CA;G8C;Alma Southwest;Quebec;48.5278;-71.6364
CA;G8E;Alma North;Quebec;48.6377;-71.6957
CA;G8H;Roberval;Quebec;48.5168;-72.2324
CA;G8J;Saint-Prime;Quebec;48.5834;-72.3324
CA;G8K;Saint-F?êlicien;Quebec;48.6501;-72.4491
CA;G8L;Dolbeau-Mistassini;Quebec;48.8763;-72.212
CA;G8M;Albanel;Quebec;48.8832;-72.4487
CA;G8N;H?êbertville;Quebec;48.3473;-71.6786
CA;G0A;Capitale-Nationale (Stoneham);Quebec;47.3507;-71.202
CA;G1A;Quebec Provincial Government;Quebec;46.8588;-71.192
CA;G1J;Quebec City Lower Riverbank;Quebec;46.838;-71.2232
CA;G1K;Quebec City Mid-Riverbank;Quebec;46.814;-71.2194
CA;G1L;Quebec City Northeast;Quebec;46.8304;-71.2455
CA;G1M;Quebec City North Central;Quebec;46.8183;-71.2706
CA;G1N;Quebec City South Central;Quebec;46.8035;-71.2639
CA;G1P;Quebec City West;Quebec;46.8097;-71.3102
CA;G1R;Quebec City East;Quebec;46.8074;-71.2181
CA;G1S;Quebec City South;Quebec;46.7933;-71.2453
CA;G1T;Quebec City Upper Riverbank;Quebec;46.7741;-71.2609
CA;G2C;Quebec City Northwest;Quebec;46.8287;-71.334
CA;G2E;L'Ancienne-Lorette Northeast;Quebec;46.8083;-71.3605
CA;G2J;Quebec City Inner North;Quebec;46.8399;-71.2781
CA;G2K;Quebec City Outer North;Quebec;46.8545;-71.3044
CA;G3B;Lac-Beauport;Quebec;46.9833;-71.2906
CA;G3C;Stoneham-et-Tewkesbury;Quebec;47.1691;-71.4332
CA;G3H;Pont-Rouge;Quebec;46.7547;-71.6957
CA;G3M;Donnacona;Quebec;46.6804;-71.7239
CA;G3N;Sainte-Catherine-de-la-Jacques-Cartier;Quebec;46.8524;-71.6206
CA;G3S;Shannon;Quebec;46.8803;-71.5146
CA;G3Z;Baie-Saint-Paul;Quebec;47.4411;-70.4986
CA;G4A;Clermont;Quebec;47.7184;-70.2276
CA;G5A;La Malbaie;Quebec;47.6575;-70.1559
CA;G0X;Mauricie (Parent);Quebec;47.9168;-74.6159
CA;G9X;La Tuque;Quebec;47.4334;-72.7824
CA;J5V;Louiseville;Quebec;46.2559;-72.9415
CA;J0B;Estrie-Est (Stanstead);Quebec;45.1001;-72.0491
CA;J1S;Windsor;Quebec;45.5668;-71.9991
CA;J1T;Asbestos;Quebec;45.7668;-71.9324
CA;J1X;Magog;Quebec;45.2668;-72.1491
CA;H1B;Montreal East;Quebec;45.632;-73.5075
CA;H1G;Montreal North North;Quebec;45.6109;-73.6211
CA;H1H;Montreal North South;Quebec;45.5899;-73.6389
CA;H2Y;Old Montreal;Quebec;45.5057;-73.555
CA;H2Z;Downtown Montreal Northeast;Quebec;45.5052;-73.5622
CA;H3A;Downtown Montreal North;Quebec;45.504;-73.5747
CA;H3B;Downtown Montreal East;Quebec;45.5005;-73.5684
CA;H3G;Downtown Montreal Southeast;Quebec;45.4987;-73.5793
CA;H3H;Downtown Montreal South & West;Quebec;45.5009;-73.5877
CA;H3X;Hampstead;Quebec;45.4819;-73.6421
CA;H3Y;Westmount West;Quebec;45.4876;-73.6045
CA;H3Z;Westmount East;Quebec;45.4825;-73.5933
CA;H4W;C??te-Saint-Luc West;Quebec;45.47;-73.6686
CA;H4X;Montreal West;Quebec;45.4529;-73.6492
CA;H9J;Kirkland;Quebec;45.4501;-73.8659
CA;H9P;Dorval Outskirts;Quebec;45.4679;-73.7748
CA;H9R;Pointe-Claire;Quebec;45.4487;-73.8167
CA;H9W;Beaconsfield;Quebec;45.4334;-73.8659
CA;J0X;Outaouais-Sud (Thurso);Quebec;46.307;-76.7653
CA;J8N;Val-des-Monts;Quebec;45.6501;-75.666
CA;J9B;Chelsea;Quebec;45.5001;-75.7827
CA;J9E;Maniwaki;Quebec;46.3834;-75.966
CA;J0Z;Abitibi-T?êmiscamingue-Ouest (Guigues);Quebec;47.8626;-78.824
CA;J9P;Val-d'Or;Quebec;48.1002;-77.7828
CA;J9T;Amos;Quebec;48.5669;-78.1162
CA;J9V;Ville-Marie;Quebec;47.3334;-79.433
CA;J9Z;La Sarre;Quebec;48.8002;-79.1996
CA;G0G;C??te-Nord/Anticosti (Schefferville);Quebec;53.0413;-68.6884
CA;G4S;Sept-?Äles Northwest;Quebec;50.2713;-66.3751
CA;G5B;Port-Cartier;Quebec;50.0334;-66.8655
CA;G8P;Chibougamau;Quebec;49.9168;-74.3659
CA;G4X;Gasp?ê;Quebec;48.8334;-64.4819
CA;G5V;Montmagny;Quebec;46.9804;-70.5549
CA;G5X;Beauceville;Quebec;46.2179;-70.7787
CA;G5Y;Saint-Georges Central;Quebec;46.1326;-70.6375
CA;G5Z;Saint-Georges Southeast;Quebec;46.0642;-70.7118
CA;G6A;Saint-Georges Northwest;Quebec;46.1437;-70.6817
CA;G6E;Sainte-Marie;Quebec;46.434;-71.0117
CA;G6G;Thetford Mines;Quebec;46.0937;-71.3054
CA;G6V;L?êvis North;Quebec;46.8033;-71.1779
CA;G6W;L?êvis South;Quebec;46.7546;-71.22
CA;G6Y;L?êvis;Quebec;46.8033;-71.1779
CA;H7N;Laval-des-Rapides;Quebec;45.5501;-73.6992
CA;H7R;Laval-sur-le-Lac;Quebec;45.5526;-73.8507
CA;J0K;Lanaudi?Êre-Nord (Saint-Esprit);Quebec;46.7966;-73.8705
CA;J5M;Saint-Lin-Laurentides;Quebec;45.8501;-73.7659
CA;J5T;Lavaltrie;Quebec;45.8834;-73.2825
CA;J5X;L'?ëpiphanie;Quebec;45.8501;-73.4825
CA;J5Y;Repentigny Northeast;Quebec;45.7774;-73.4252
CA;J5Z;Repentigny West;Quebec;45.7643;-73.5036
CA;J6A;Repentigny South;Quebec;45.7395;-73.4588
CA;J6V;Terrebonne East;Quebec;45.714;-73.5357
CA;J6W;Terrebonne Central;Quebec;45.7064;-73.6178
CA;J6X;Terrebonne Northwest;Quebec;45.7275;-73.7062
CA;J6Y;Terrebonne Southwest;Quebec;45.7;-73.752
CA;J7K;Mascouche Extremities;Quebec;45.77;-73.6049
CA;J7L;Mascouche Central;Quebec;45.7424;-73.6509
CA;J0T;Laurentides-Nord (Montcalm);Quebec;46.3002;-74.5855
CA;J5K;Saint-Colomban;Quebec;45.7334;-74.1325
CA;J5L;Saint-J?êr??me West;Quebec;45.7987;-74.0727
CA;J7E;Sainte-Th?êr?Êse-de-Blainville Central;Quebec;45.6442;-73.8448
CA;J7P;Saint-Eustache Northeast;Quebec;45.5779;-73.8809
CA;J7R;Saint-Eustache Southwest;Quebec;45.574;-73.94
CA;J7Y;Saint-J?êr??me North;Quebec;45.8058;-74.0165
CA;J7Z;Saint-J?êr??me Southeast;Quebec;45.7788;-73.9829
CA;J8A;Saint-Hippolyte;Quebec;45.9334;-74.0159
CA;J8B;Sainte-Ad?Êle;Quebec;45.9501;-74.1325
CA;J8E;Mont-Tremblant;Quebec;46.1949;-74.6264
CA;J8H;Lachute;Quebec;45.6501;-74.3325
CA;J9L;Mont-Laurier;Quebec;46.5501;-75.4993
CA;J0J;Mont?êr?êgie-Est (Bedford);Quebec;45.1529;-73.1636
CA;J0L;Mont?êr?êgie-Nord (Saint-Antoine-Sur-Richelieu);Quebec;45.1956;-73.5695
CA;J0S;Mont?êr?êgie-Ouest (Saint-Anicet);Quebec;45.1082;-74.0451
CA;J2G;Granby Central;Quebec;45.4046;-72.7202
CA;J2H;Granby East;Quebec;45.3938;-72.7005
CA;J2J;Granby West;Quebec;45.4005;-72.7825
CA;J2K;Cowansville;Quebec;45.2001;-72.7491
CA;J2L;Bromont;Quebec;45.3168;-72.6491
CA;J2M;Shefford;Quebec;45.3501;-72.5658
CA;J2N;Farnham;Quebec;45.2834;-72.9824
CA;J2R;Saint-Hyacinthe Northwest;Quebec;45.6567;-72.9237
CA;J2S;Saint-Hyacinthe Southwest;Quebec;45.6139;-72.9912
CA;J2T;Saint-Hyacinthe East;Quebec;45.5971;-72.9366
CA;J2X;Saint-Jean-sur-Richelieu East;Quebec;45.309;-73.219
CA;J2Y;Saint-Jean-sur-Richelieu West;Quebec;45.3114;-73.3556
CA;J3A;Saint-Jean-sur-Richelieu North;Quebec;45.3339;-73.2744
CA;J3B;Saint-Jean-sur-Richelieu Central;Quebec;45.2832;-73.2792
CA;J3E;Sainte-Julie;Quebec;45.5834;-73.3325
CA;J3G;Beloeil West;Quebec;45.5946;-73.2283
CA;J3L;Chambly;Quebec;45.4501;-73.2825
CA;J3M;Marieville;Quebec;45.4334;-73.1659
CA;J3X;Varennes;Quebec;45.6834;-73.4325
CA;J4B;Boucherville;Quebec;45.591;-73.4361
CA;J4P;Saint-Lambert North;Quebec;45.5073;-73.5082
CA;J4R;Saint-Lambert Central;Quebec;45.4924;-73.5009
CA;J4S;Saint-Lambert South;Quebec;45.481;-73.497
CA;J4W;Brossard Northwest;Quebec;45.4674;-73.4832
CA;J4X;Brossard Southwest;Quebec;45.4455;-73.4841
CA;J4Y;Brossard South;Quebec;45.4414;-73.4561
CA;J4Z;Brossard Northeast;Quebec;45.4424;-73.4231
CA;J5A;Saint-Constant;Quebec;45.3668;-73.5659
CA;J5B;Delson;Quebec;45.3668;-73.5492
CA;J5C;Sainte-Catherine;Quebec;45.4001;-73.5825
CA;J5R;La Prairie;Quebec;45.4168;-73.4992
CA;J6J;Ch?óteauguay North;Quebec;45.3691;-73.7216
CA;J6K;Ch?óteauguay South;Quebec;45.3526;-73.7305
CA;J6N;Beauharnois;Quebec;45.3168;-73.8659
CA;J6R;Mercier;Quebec;45.3168;-73.7492
CA;J6S;Salaberry-de-Valleyfield North;Quebec;45.2702;-74.0482
CA;J6T;Salaberry-de-Valleyfield South;Quebec;45.2409;-74.1098
CA;J7V;Vaudreuil-Dorion;Quebec;45.4001;-74.0325
CA;G0P;Centre-du-Qu?êbec-Est (Saint-Val?Êre);Quebec;46.0119;-71.7199
CA;G0Z;Centre-du-Qu?êbec-Nord (Daveluyville);Quebec;46.179;-72.1569
CA;G6L;Plessisville;Quebec;46.2186;-71.762
CA;G6P;Victoriaville Central;Quebec;46.0529;-71.9477
CA;G6T;Victoriaville Northwest;Quebec;46.0828;-71.9728
CA;J0A;Centre-du-Qu?êbec-Sud (Warwick);Quebec;45.8382;-71.9542
CA;J0C;Centre-du-Qu?êbec-Ouest (Saint-Bonaventure);Quebec;45.8567;-72.6966
CA;J2A;Drummondville Southeast;Quebec;45.8152;-72.4027
CA;J2C;Drummondville Central;Quebec;45.8893;-72.5055
CA;J2E;Drummondville Northwest;Quebec;45.9099;-72.5289
CA;J3T;Nicolet;Quebec;46.2168;-72.6158
CA;G0B;Cap-aux-Meules;Quebec;47.4501;-72.9913
CA;G0C;Gasp?êsie-Sud (New Richmond);Quebec;48.3429;-65.5961
CA;G0E;Gasp?êsie-Nord (Grande-Vall?êe);Quebec;48.9182;-65.3736
CA;G0H;Manicouagan (Baie-Trinit?ê);Quebec;49.3795;-67.8948
CA;G0J;Gasp?êsie-Ouest (Causapscal);Quebec;48.5246;-67.0565
CA;G0K;Bas-St-Laurent-Est (Sainte-Luce);Quebec;48.159;-68.1951
CA;G0L;Bas-St-Laurent-Ouest (Trois-Pistoles);Quebec;47.7136;-69.1658
CA;G0M;R?êgion de Beauce (Saint-Prosper-De-Dorchester);Quebec;45.9718;-70.6565
CA;G0N;Chaudi?Êre-Sud (Disraeli);Quebec;46.0988;-71.1248
CA;G0R;Appalaches (La Pocati?Êre);Quebec;46.798;-70.3288
CA;G0S;Chaudi?Êre-Nord (Saint-Joseph-De-Beauce);Quebec;46.4526;-71.4397
CA;G0T;Le Fjord (Forestville);Quebec;49.0143;-69.6231
CA;G0V;Saguenay-Lac-St-Jean (Alouette);Quebec;50.1719;-70.6283
CA;G0W;R?êgion de Mistassini (Chambord);Quebec;49.834;-72.2623
CA;G0Y;L'Erable (Nantes);Quebec;45.6242;-71.0191
CA;G1B;Beauport North;Quebec;46.9263;-71.2258
CA;G1C;Beauport Central;Quebec;46.8801;-71.196
CA;G1E;Beauport South;Quebec;46.8588;-71.192
CA;G1G;Jean-Talon Southeast;Quebec;46.8765;-71.2839
CA;G1H;Charlesbourg South;Quebec;46.8528;-71.2573
CA;G1V;Sainte-Foy Northeast;Quebec;46.7823;-71.2882
CA;G1W;Sainte-Foy Southeast;Quebec;46.7589;-71.298
CA;G1X;Sainte-Foy West;Quebec;46.7749;-71.3344
CA;G1Y;Cap-Rouge;Quebec;46.7507;-71.3562
CA;G2A;Loretteville North;Quebec;46.8751;-71.392
CA;G2B;Loretteville South;Quebec;46.8505;-71.3357
CA;G2G;L'Ancienne-Lorette Southwest;Quebec;46.7903;-71.4157
CA;G2L;Charlesbourg North;Quebec;46.8895;-71.2545
CA;G2M;Jean-Talon Northeast;Quebec;46.922;-71.3056
CA;G2N;Jean-Talon West;Quebec;46.9137;-71.3398
CA;G3A;St-Augustin-De-Desmaures;Quebec;46.7406;-71.4513
CA;G3E;Saint-?ëmile;Quebec;46.8779;-71.3408
CA;G3G;Lac-Saint-Charles;Quebec;46.9242;-71.3958
CA;G3J;Val-B?êlair North;Quebec;46.8603;-71.4752
CA;G3K;Val-B?êlair South;Quebec;46.8315;-71.4429
CA;G3L;Saint-Raymond;Quebec;47.2374;-71.8763
CA;G4R;Sept-?Äles Southeast;Quebec;50.8558;-67.0511
CA;G4T;Les ?Äles-De-La-Madeleine;Quebec;47.3999;-61.7996
CA;G4V;Sainte-Anne-Des-Monts;Quebec;48.9711;-66.3082
CA;G4Z;Baie-Comeau Northeast;Quebec;51.0872;-68.632
CA;G5C;Baie-Comeau Southwest;Quebec;50.3474;-69.0411
CA;G5T;Degelis;Quebec;47.5473;-68.6431
CA;G6B;Lac-Megantic;Quebec;45.5834;-70.8823
CA;G6C;Pintendre;Quebec;46.7701;-71.0906
CA;G6H;Black Lake;Quebec;46.07;-71.4393
CA;G6J;Saint-Etienne-De-Lauzon;Quebec;46.6358;-71.3098
CA;G6K;Saint-Redempteur;Quebec;46.688;-71.3028
CA;G6R;Victoriaville South;Quebec;46.016;-71.9561
CA;G6S;Victoriaville East;Quebec;46.0264;-71.8719
CA;G6X;Charny;Quebec;46.7151;-71.2612
CA;G6Z;Saint-Jean-Chrysostome;Quebec;46.6901;-71.1849
CA;G7A;Saint-Nicolas;Quebec;46.6842;-71.3827
CA;G7B;La Baie;Quebec;48.3398;-70.8893
CA;G7G;Chicoutimi North;Quebec;48.445;-71.1025
CA;G7H;Chicoutimi East;Quebec;48.4187;-71.0417
CA;G7J;Chicoutimi West;Quebec;48.4175;-71.1031
CA;G7K;Chicoutimi Southwest;Quebec;48.3689;-71.1175
CA;G7N;Laterri?Êre;Quebec;48.2007;-71.1426
CA;G7S;Jonqui?Êre Northeast;Quebec;48.4294;-71.1774
CA;G7T;Jonqui?Êre Southeast;Quebec;48.3975;-71.1527
CA;G7X;Jonqui?Êre Central;Quebec;48.3199;-71.4149
CA;G7Y;Jonqui?Êre Southwest;Quebec;48.3701;-71.2358
CA;G7Z;Jonqui?Êre Northwest;Quebec;48.4381;-71.2642
CA;G8A;Jonqui?Êre West;Quebec;48.4233;-71.3629
CA;G8G;M?êtabetchouan-Lac-a-la-Croix;Quebec;47.8076;-71.5907
CA;G8T;Cap-de-la-Madeleine Central and southeast;Quebec;46.3877;-72.5357
CA;G8V;Cap-de-la-Madeleine Northeast;Quebec;46.4098;-72.4908
CA;G8W;Cap-de-la-Madeleine West;Quebec;46.4176;-72.6372
CA;G8Y;Trois-Rivi?Êres Central;Quebec;46.3668;-72.6168
CA;G8Z;Trois-Rivi?Êres Northeast;Quebec;46.3458;-72.5716
CA;G9A;Trois-Rivi?Êres East;Quebec;46.3695;-72.6789
CA;G9B;Trois-Rivi?Êres South;Quebec;46.316;-72.6833
CA;G9C;Trois-Rivi?Êres West;Quebec;46.3922;-72.6725
CA;G9H;Becancour;Quebec;46.3334;-72.4324
CA;G9N;Shawinigan Central;Quebec;46.5564;-72.7198
CA;G9P;Shawinigan Southeast;Quebec;46.5068;-72.7436
CA;G9R;Shawinigan Northwest;Quebec;46.6098;-72.8266
CA;G9T;Grand-M?Êre;Quebec;46.6315;-72.737
CA;H0H;Reserved (Santa Claus);Quebec;90;0
CA;H0M;Akwesasne Region (Akwesasne);Quebec;45.6986;-73.5025
CA;H1A;Pointe-Aux-Trembles;Quebec;45.6753;-73.5016
CA;H1C;Rivi?Êre-des-Prairies Northeast;Quebec;45.6656;-73.5367
CA;H1E;Rivi?Êre-Des-Prairies Southwest;Quebec;45.6342;-73.5842
CA;H1J;Anjou West;Quebec;45.6097;-73.5794
CA;H1K;Anjou East;Quebec;45.6097;-73.5472
CA;H1L;Mercier North;Quebec;45.6043;-73.5178
CA;H1M;Mercier West;Quebec;45.5883;-73.5572
CA;H1N;Mercier Southeast;Quebec;45.5779;-73.5304
CA;H1P;Saint-L?êonard North;Quebec;45.5966;-73.5928
CA;H1R;Saint-L?êonard West;Quebec;45.5864;-73.6082
CA;H1S;Saint-L?êonard Southeast;Quebec;45.5808;-73.5825
CA;H1T;Rosemont North;Quebec;45.573;-73.5701
CA;H1V;Maisonneuve;Quebec;45.5585;-73.5386
CA;H1W;Hochelaga;Quebec;45.5442;-73.5468
CA;H1X;Rosemont Central;Quebec;45.5583;-73.5701
CA;H1Y;Rosemont South;Quebec;45.5486;-73.5788
CA;H1Z;Saint-Michel West;Quebec;45.5694;-73.6221
CA;H2A;Saint-Michel East;Quebec;45.5618;-73.599
CA;H2B;Ahuntsic North;Quebec;45.5741;-73.6507
CA;H2C;Ahuntsic Central;Quebec;45.5606;-73.6584
CA;H2E;Villeray Northeast;Quebec;45.5514;-73.6116
CA;H2G;Petite-Patrie Northeast;Quebec;45.5438;-73.5927
CA;H2H;Plateau Mont-Royal North;Quebec;45.5374;-73.5735
CA;H2J;Plateau Mont-Royal North Central;Quebec;45.5302;-73.5831
CA;H2K;Centre-Sud North;Quebec;45.5307;-73.5547
CA;H2L;Centre-Sud South;Quebec;45.5186;-73.5545
CA;H2M;Ahuntsic East;Quebec;45.5528;-73.6411
CA;H2N;Ahuntsic Southeast;Quebec;45.5394;-73.6513
CA;H2P;Villeray West;Quebec;45.5435;-73.6339
CA;H2R;Villeray Southeast;Quebec;45.5401;-73.6225
CA;H2S;Petite-Patrie Southwest;Quebec;45.5354;-73.6061
CA;H2T;Plateau Mont-Royal West;Quebec;45.5247;-73.5953
CA;H2V;Outremont;Quebec;45.5168;-73.6072
CA;H2W;Plateau Mont-Royal South Central;Quebec;45.5176;-73.5804
CA;H2X;Plateau Mont-Royal Southeast;Quebec;45.5115;-73.5683
CA;H3C;Griffintown (Includes ?Äle Notre-Dame & ?Äle Sainte-H?êl?Êne);Quebec;45.498;-73.5472
CA;H3E;L'?Äle-Des-Soeurs;Quebec;45.4594;-73.5501
CA;H3J;Petite-Bourgogne;Quebec;45.4861;-73.5732
CA;H3K;Pointe-Saint-Charles;Quebec;45.4805;-73.5554
CA;H3L;Ahuntsic Southwest;Quebec;45.5467;-73.6718
CA;H3M;Cartierville Northeast;Quebec;45.5383;-73.6932
CA;H3N;Parc-Extension;Quebec;45.5302;-73.6327
CA;H3P;Mount Royal North;Quebec;45.5217;-73.6393
CA;H3R;Mount Royal Central;Quebec;45.5101;-73.6478
CA;H3S;C??te-des-Neiges North;Quebec;45.5063;-73.6297
CA;H3T;C??te-des-Neiges Northeast;Quebec;45.5018;-73.6191
CA;H3V;C??te-des-Neiges East;Quebec;45.499;-73.6089
CA;H3W;C??te-des-Neiges Southwest;Quebec;45.4897;-73.6312
CA;H4A;Notre-Dame-de-Gr?öce Northeast;Quebec;45.4717;-73.6149
CA;H4B;Notre-Dame-de-Gr?öce Southwest;Quebec;45.4604;-73.6303
CA;H4C;Saint-Henri;Quebec;45.4737;-73.5882
CA;H4E;Ville ?ëmard;Quebec;45.4546;-73.5985
CA;H4G;Verdun North;Quebec;45.4643;-73.5698
CA;H4H;Verdun South;Quebec;45.4459;-73.5815
CA;H4J;Cartierville Central;Quebec;45.5313;-73.7091
CA;H4K;Cartierville Southwest;Quebec;45.5171;-73.7363
CA;H4L;Saint-Laurent Inner Northeast;Quebec;45.517;-73.6831
CA;H4M;Saint-Laurent East;Quebec;45.4979;-73.6886
CA;H4N;Saint-Laurent Outer Northeast;Quebec;45.5263;-73.6649
CA;H4P;Mount Royal South;Quebec;45.4964;-73.6647
CA;H4R;Saint-Laurent Central;Quebec;45.5049;-73.7142
CA;H4S;Saint-Laurent Southwest;Quebec;45.4858;-73.7433
CA;H4T;Saint-Laurent Southeast;Quebec;45.4752;-73.6961
CA;H4V;C??te-Saint-Luc East;Quebec;45.4671;-73.6487
CA;H4Y;Dorval Central;Quebec;45.8654;-72.7614
CA;H4Z;Tour de la Bourse;Quebec;45.5061;-73.5573
CA;H5A;Place Bonaventure;Quebec;45.4992;-73.5646
CA;H5B;Place Desjardins;Quebec;45.5066;-73.5623
CA;H7A;Duvernay-Est;Quebec;45.6739;-73.5924
CA;H7B;Saint-Fran?¿ois;Quebec;45.6757;-73.6388
CA;H7C;Saint-Vincent-de-Paul;Quebec;45.6168;-73.6492
CA;H7E;Duvernay;Quebec;45.6225;-73.6949
CA;H7G;Pont-Viau;Quebec;45.5771;-73.6873
CA;H7H;Auteuil West;Quebec;45.6409;-73.7542
CA;H7J;Auteuil Northeast;Quebec;45.6625;-73.7002
CA;H7K;Auteuil South;Quebec;45.6213;-73.7398
CA;H7L;Sainte-Rose;Quebec;45.6168;-73.7825
CA;H7M;Vimont;Quebec;45.5984;-73.7159
CA;H7P;Fabreville;Quebec;45.578;-73.8004
CA;H7S;Chomedey Northeast;Quebec;45.5793;-73.7367
CA;H7T;Chomedey Northwest;Quebec;45.5573;-73.7725
CA;H7V;Chomedey East;Quebec;45.5478;-73.7368
CA;H7W;Chomedey South;Quebec;45.5338;-73.7652
CA;H7X;Sainte-Doroth?êe;Quebec;45.5334;-73.8159
CA;H7Y;?Äles-Laval;Quebec;45.5284;-73.8509
CA;H8N;LaSalle Northwest;Quebec;45.438;-73.6215
CA;H8P;LaSalle Southeast;Quebec;45.4011;-73.619
CA;H8R;Saint-Pierre;Quebec;45.3994;-73.6506
CA;H8S;Lachine East;Quebec;45.4402;-73.6747
CA;H8T;Lachine West;Quebec;45.4419;-73.7057
CA;H8Y;Roxboro;Quebec;45.5084;-73.8075
CA;H8Z;Pierrefonds;Quebec;45.5069;-73.8407
CA;H9A;Dollard-Des-Ormeaux Northwest;Quebec;45.4948;-73.8317
CA;H9B;Dollard-Des-Ormeaux East;Quebec;45.4897;-73.7958
CA;H9C;L'?Äle Bizard Northeast;Quebec;45.5055;-73.8789
CA;H9E;L'?Äle-Bizard Southwest;Quebec;45.4865;-73.9092
CA;H9G;Dollard-Des-Ormeaux Southwest;Quebec;45.4756;-73.8367
CA;H9H;Sainte-Genevi?Êve;Quebec;45.4683;-73.8565
CA;H9K;Senneville;Quebec;45.4577;-73.9162
CA;H9S;L'?Äle-Dorval;Quebec;45.4414;-73.7749
CA;H9X;Sainte-Anne-De-Bellevue;Quebec;45.4062;-73.9456
CA;J0E;Estrie-Ouest (Fulford);Quebec;45.2831;-72.5244
CA;J0G;Bois-Francs-Nord (Odanak);Quebec;46.021;-72.8239
CA;J0H;Bois-Francs-Sud (Saint-Nazaire-D'Acton);Quebec;45.6609;-72.77
CA;J0M;Nunavik (Kuujjuaq);Quebec;58.3269;-72.1637
CA;J0N;R?êgion d'Oka (Oka);Quebec;45.5135;-74.0534
CA;J0P;Vaudreuil-Soulanges (Coteau-du-Lac);Quebec;45.3655;-74.312
CA;J0R;Lanaudi?Êre-Sud (Pr?êvost);Quebec;45.866;-74.1785
CA;J0V;Laurentides-Sud (Ch?ên?êville);Quebec;45.8265;-74.9318
CA;J0W;Outaouais-Nord (Ferme-Neuve);Quebec;47.0921;-75.7967
CA;J0Y;Abitibi-T?êmiscamingue-Est (Radisson);Quebec;52.1046;-75.2807
CA;J1A;Coaticook;Quebec;45.1334;-71.7991
CA;J1C;Bromptonville;Quebec;45.4797;-71.9492
CA;J1E;Sherbrooke Northeast;Quebec;45.4231;-71.8723
CA;J1G;Sherbrooke East;Quebec;45.4024;-71.8479
CA;J1H;Sherbrooke Central;Quebec;45.3891;-71.8986
CA;J1J;Sherbrooke North;Quebec;45.4131;-71.9238
CA;J1K;Sherbrooke West;Quebec;45.3822;-71.9327
CA;J1L;Sherbrooke Northwest;Quebec;45.4113;-71.9586
CA;J1M;Sherbrooke Southeast;Quebec;45.3656;-71.842
CA;J1N;Rock Forest;Quebec;45.3395;-72.0128
CA;J1R;Saint-?ëlie-d'Orford;Quebec;45.3966;-72.0422
CA;J1Z;Saint-Cyrille-De-Wendover;Quebec;45.9334;-72.4324
CA;J2B;Drummondville South;Quebec;45.9061;-72.5929
CA;J2W;Saint-Luc;Quebec;45.3694;-73.3137
CA;J3H;Beloeil East;Quebec;45.5527;-73.1755
CA;J3N;Saint-Basile-Le-Grand;Quebec;45.5334;-73.2825
CA;J3P;Sorel Central;Quebec;46.0365;-73.0665
CA;J3R;Sorel Southwest;Quebec;46.0206;-73.1439
CA;J3V;Saint-Bruno;Quebec;45.532;-73.3437
CA;J3Y;Saint-Hubert Central;Quebec;45.4906;-73.3991
CA;J3Z;Saint-Hubert East;Quebec;45.4981;-73.4012
CA;J4G;Longueuil North;Quebec;45.5679;-73.4761
CA;J4H;Longueuil West;Quebec;45.5372;-73.5056
CA;J4J;Longueuil Central;Quebec;45.5362;-73.4721
CA;J4K;Longueuil Southwest;Quebec;45.5183;-73.5023
CA;J4L;Longueuil Southeast;Quebec;45.5181;-73.4576
CA;J4M;Longueuil East;Quebec;45.5418;-73.4382
CA;J4N;Longueuil Northeast;Quebec;45.5523;-73.4558
CA;J4T;Saint-Hubert West;Quebec;45.4973;-73.4676
CA;J4V;Greenfield Park;Quebec;45.4865;-73.4622
CA;J5J;Saint-Sophie;Quebec;45.8306;-73.9191
CA;J5W;L'Assomption;Quebec;45.8232;-73.4294
CA;J6E;Joliette;Quebec;46.0168;-73.4492
CA;J6Z;Sainte-Th?êr?Êse-de-Blainville Northeast;Quebec;45.6694;-73.7752
CA;J7A;Sainte-Th?êr?Êse-de-Blainville East;Quebec;45.6383;-73.7975
CA;J7B;Sainte-Th?êr?Êse-de-Blainville North;Quebec;45.6602;-73.8157
CA;J7C;Sainte-Th?êr?Êse-de-Blainville Northwest;Quebec;45.689;-73.8671
CA;J7G;Sainte-Th?êr?Êse-de-Blainville South;Quebec;45.6095;-73.8378
CA;J7H;Sainte-Th?êr?Êse-de-Blainville Southwest;Quebec;45.6209;-73.8728
CA;J7J;Mirabel Northeast;Quebec;45.7045;-73.9472
CA;J7M;La Plaine;Quebec;45.7888;-73.7442
CA;J7N;Mirabel Southwest;Quebec;45.6345;-74.1005
CA;J7T;Vaudreuil-Dorion RCM;Quebec;45.3702;-74.1249
CA;J7W;Pincourt;Quebec;45.3665;-73.9736
CA;J7X;Valleyfield;Quebec;45.2691;-74.2339
CA;J8C;Sainte-Agathe-Des-Monts;Quebec;46.0501;-74.2825
CA;J8G;Chatham;Quebec;45.6834;-74.4159
CA;J8L;Buckingham;Quebec;45.5856;-75.4208
CA;J8M;Masson-Angers;Quebec;45.5435;-75.4274
CA;J8P;Gatineau Southeast;Quebec;45.4869;-75.6157
CA;J8R;Gatineau Northeast;Quebec;45.5287;-75.6088
CA;J8T;Gatineau Southwest;Quebec;45.4776;-75.7059
CA;J8V;Gatineau Northwest;Quebec;45.5711;-75.7615
CA;J8X;Hull Southeast;Quebec;45.44;-75.7119
CA;J8Y;Hull Central;Quebec;45.448;-75.7434
CA;J8Z;Hull North;Quebec;45.4716;-75.7616
CA;J9A;Hull Southwest;Quebec;45.4279;-75.7711
CA;J9H;Aylmer South;Quebec;45.3932;-75.8288
CA;J9J;Aylmer North;Quebec;45.4394;-75.8465
CA;J9X;Rouyn-Noranda South;Quebec;48.2855;-78.8234
CA;J9Y;Rouyn-Noranda North;Quebec;48.1607;-79.0714
CA;S0A;Yorkton Region (Melville);Saskatchewan;51.4818;-102.9065
CA;S0C;Southeastern Saskatchewan (Carlyle);Saskatchewan;49.3961;-103.2567
CA;S0E;Eastern Saskatchewan (Melfort);Saskatchewan;53.1363;-103.0999
CA;S0G;South Central Saskatchewan (Fort Qu'Appelle);Saskatchewan;50.5767;-104.1
CA;S0H;Southern Saskatchewan (Assiniboia);Saskatchewan;49.9841;-106.249
CA;S0J;Northern Saskatchewan (La Ronge);Saskatchewan;57.1992;-105.8242
CA;S0K;Central Saskatchewan (Humboldt);Saskatchewan;52.3003;-107.9907
CA;S0L;Western Saskatchewan (Kindersley);Saskatchewan;51.4827;-108.4898
CA;S0M;Northwestern Saskatchewan (Battleford);Saskatchewan;54.9235;-108.9572
CA;S0N;Southwestern Saskatchewan (Maple Creek);Saskatchewan;49.9116;-108.7236
CA;S0P;Northeastern Saskatchewan (Creighton);Saskatchewan;55.0162;-102.7415
CA;S2V;Buena Vista;Saskatchewan;50.7834;-104.9511
CA;S3N;Yorkton;Saskatchewan;51.2167;-102.4677
CA;S4A;Estevan;Saskatchewan;49.1334;-102.9842
CA;S4H;Weyburn;Saskatchewan;49.6668;-103.8511
CA;S4K;Rm Of Sherwood;Saskatchewan;50.4501;-104.6178
CA;S4L;Regina East;Saskatchewan;50.4132;-104.2733
CA;S4M;Regina;Saskatchewan;50.4501;-104.6178
CA;S4N;Regina Northeast and East Central;Saskatchewan;50.4671;-104.541
CA;S4P;Regina Central;Saskatchewan;50.419;-104.6774
CA;S4R;Regina North Central;Saskatchewan;50.4855;-104.6163
CA;S4S;Regina South Saskatchewan Provincial Government;Saskatchewan;50.4153;-104.6103
CA;S4T;Regina West;Saskatchewan;50.4507;-104.665
CA;S4V;Regina Southeast;Saskatchewan;50.4251;-104.5389
CA;S4W;Regina Southwest;Saskatchewan;50.4078;-104.6536
CA;S4X;Regina Northwest;Saskatchewan;50.5061;-104.6752
CA;S4Y;Regina Outer Northwest;Saskatchewan;50.4768;-104.6986
CA;S4Z;Regina Northeast;Saskatchewan;50.4497;-104.5323
CA;S6H;Moose Jaw Southeast;Saskatchewan;50.3895;-105.5578
CA;S6J;Moose Jaw Northeast;Saskatchewan;50.4185;-105.5393
CA;S6K;Moose Jaw West;Saskatchewan;50.454;-105.6418
CA;S6V;Prince Albert Central;Saskatchewan;54.493;-104.3049
CA;S6W;Prince Albert Southwest;Saskatchewan;53.1785;-105.7741
CA;S6X;Prince Albert East;Saskatchewan;53.1936;-105.7025
CA;S7H;Saskatoon East Central;Saskatchewan;52.1168;-106.6345
CA;S7J;Saskatoon South Central;Saskatchewan;52.0961;-106.6252
CA;S7K;Saskatoon North Central;Saskatchewan;52.0111;-106.7955
CA;S7L;Saskatoon West;Saskatchewan;52.1564;-106.6873
CA;S7M;Saskatoon Southwest;Saskatchewan;52.1133;-106.7235
CA;S7N;Saskatoon Northeast Central;Saskatchewan;52.1404;-106.608
CA;S7P;Saskatoon North;Saskatchewan;52.2751;-106.5005
CA;S7R;Saskatoon Northwest;Saskatchewan;52.1588;-106.7163
CA;S7S;Saskatoon Northeast;Saskatchewan;52.1609;-106.5864
CA;S7T;Saskatoon South;Saskatchewan;52.0403;-106.6595
CA;S7V;Saskatoon Southeast;Saskatchewan;52.0976;-106.5553
CA;S7W;Saskatoon;Saskatchewan;52.157;-106.5614
CA;S9A;North Battleford;Saskatchewan;52.7834;-108.2847
CA;S9H;Swift Current;Saskatchewan;50.2834;-107.8013
CA;S9V;Lloydminster;Saskatchewan;53.2835;-110.0016
CA;S9X;Meadow Lake;Saskatchewan;54.1335;-108.4347
CA;Y0A;Southeastern Yukon (Watson Lake);Yukon;61.5793;-131.1481
CA;Y0B;Central Yukon (Dawson City);Yukon;64.645;-137.536
CA;Y1A;Whitehorse;Yukon;60.7161;-135.0537
